sr_no,institute_name,course_title,course_length,trainer_salary,enrollment,study_material,office_rent,infrastructure_cost,electricity,daily_expenses,marketing_expenses,placement,miscellanous,enrollment_due_to_brand,price
1,Udemy,DS & ML,200,35000,158,1000,540000,170000,6874,480,3500,No,566,25,25000
2,NPTEL,JAVA,300,40000,179,1000,500000,100000,5360,460,2000,No,621,10,20000
3,iNeuron,DS & ML,200,35000,194,2000,570000,150000,9739,412,4000,Yes,574,30,30000
4,Coursera,JAVA,300,40000,164,2000,550000,200000,8675,466,3000,No,511,20,30000
5,Coursera,Tablau,200,35000,193,2000,550000,200000,8792,455,3000,No,547,20,30000
6,NPTEL,IoT,300,40000,197,1000,500000,100000,6311,428,2000,No,698,10,20000
7,NPTEL,JAVA,300,40000,195,2000,500000,100000,5802,466,2000,No,513,10,20000
8,iNeuron,SQL,100,30000,177,1000,570000,150000,8759,412,4000,Yes,536,30,30000
9,iNeuron,DS & ML,100,30000,173,2000,570000,150000,7959,403,4000,Yes,635,30,30000
10,iNeuron,SQL,100,30000,198,2000,570000,150000,7091,421,4000,Yes,532,30,30000
11,NPTEL,IoT,200,35000,161,2000,500000,100000,9646,496,2000,No,680,10,20000
12,iNeuron,IoT,300,40000,181,1000,570000,150000,7836,488,4000,Yes,675,30,30000
13,iNeuron,DS & ML,200,35000,171,1000,570000,150000,8841,476,4000,Yes,506,30,30000
14,360DigitMg,Tablau,200,35000,166,1000,500000,120000,6361,412,3000,Yes,656,22,32000
15,Coursera,JAVA,300,40000,181,1000,550000,200000,7401,471,3000,No,529,20,30000
16,iNeuron,IoT,200,35000,157,1000,570000,150000,8508,488,4000,Yes,601,30,30000
17,NPTEL,JAVA,200,35000,165,1000,500000,100000,5879,468,2000,No,641,10,20000
18,iNeuron,SQL,100,30000,170,1000,570000,150000,6454,444,4000,Yes,660,30,30000
19,Udemy,IoT,300,40000,184,2000,540000,170000,5111,465,3500,No,645,25,25000
20,NPTEL,JAVA,200,35000,189,2000,500000,100000,9076,451,2000,No,548,10,20000
21,iNeuron,DS & ML,200,35000,151,2000,570000,150000,6532,408,4000,Yes,579,30,30000
22,Coursera,DS & ML,200,35000,180,2000,550000,200000,6317,409,3000,No,572,20,30000
23,iNeuron,DS & ML,300,40000,158,2000,570000,150000,7165,405,4000,Yes,643,30,30000
24,NPTEL,Tablau,100,30000,165,1000,500000,100000,6867,492,2000,No,697,10,20000
25,iNeuron,SQL,100,30000,181,2000,570000,150000,9183,433,4000,Yes,614,30,30000
26,Coursera,IoT,300,40000,163,1000,550000,200000,8786,483,3000,No,568,20,30000
27,360DigitMg,JAVA,300,40000,159,2000,570000,150000,9649,477,3000,Yes,691,22,32000
28,360DigitMg,Tablau,100,30000,152,2000,550000,120000,9457,468,3000,Yes,577,22,32000
29,NPTEL,IoT,200,35000,182,1000,500000,100000,9791,448,2000,No,523,10,20000
30,NPTEL,Tablau,300,40000,179,1000,500000,100000,6516,420,2000,No,509,10,20000
31,NPTEL,Tablau,100,30000,174,1000,500000,100000,5523,403,2000,No,643,10,20000
32,iNeuron,Tablau,100,30000,200,1000,570000,150000,8109,418,4000,Yes,699,30,30000
33,Coursera,IoT,200,35000,187,2000,550000,200000,9363,442,3000,No,651,20,30000
34,Coursera,SQL,200,35000,176,2000,550000,200000,5586,438,3000,No,541,20,30000
35,Udemy,SQL,200,35000,175,1000,540000,170000,9178,469,3500,No,547,25,25000
36,NPTEL,Tablau,100,30000,173,1000,500000,100000,8815,408,2000,No,552,10,20000
37,NPTEL,JAVA,300,40000,187,1000,500000,100000,7188,443,2000,No,620,10,20000
38,360DigitMg,DS & ML,100,30000,181,1000,570000,200000,7923,445,3000,Yes,592,22,32000
39,Coursera,Tablau,300,40000,150,1000,550000,200000,8746,450,3000,No,551,20,30000
40,Coursera,Tablau,100,30000,168,1000,550000,200000,9222,412,3000,No,676,20,30000
41,NPTEL,DS & ML,300,40000,164,2000,500000,100000,6662,443,2000,No,694,10,20000
42,iNeuron,JAVA,100,30000,192,1000,570000,150000,9763,495,4000,Yes,628,30,30000
43,Udemy,Tablau,100,30000,176,2000,540000,170000,9425,457,3500,No,606,25,25000
44,Udemy,IoT,100,30000,167,2000,540000,170000,6413,492,3500,No,500,25,25000
45,360DigitMg,JAVA,300,40000,191,1000,500000,100000,7274,403,3000,Yes,679,22,32000
46,Coursera,Tablau,300,40000,155,2000,550000,200000,6815,437,3000,No,570,20,30000
47,360DigitMg,SQL,300,40000,183,2000,550000,150000,9270,445,3000,Yes,610,22,32000
48,360DigitMg,JAVA,300,40000,185,2000,570000,100000,6002,489,3000,Yes,570,22,32000
49,360DigitMg,JAVA,200,35000,181,1000,570000,200000,5480,478,3000,Yes,527,22,32000
50,Coursera,JAVA,200,35000,160,2000,550000,200000,7514,458,3000,No,539,20,30000
51,360DigitMg,DS & ML,200,35000,159,2000,540000,100000,5445,491,3000,Yes,545,22,32000
52,NPTEL,Tablau,200,35000,166,1000,500000,100000,5801,489,2000,No,601,10,20000
53,360DigitMg,Tablau,200,35000,189,1000,530000,100000,9151,487,3000,Yes,678,22,32000
54,360DigitMg,SQL,200,35000,186,1000,550000,200000,9356,434,3000,Yes,551,22,32000
55,Coursera,JAVA,100,30000,181,1000,550000,200000,5779,412,3000,No,625,20,30000
56,iNeuron,DS & ML,300,40000,187,1000,570000,150000,8238,496,4000,Yes,513,30,30000
57,Udemy,JAVA,200,35000,187,1000,540000,170000,9182,451,3500,No,563,25,25000
58,Udemy,IoT,100,30000,151,1000,540000,170000,6439,448,3500,No,589,25,25000
59,Coursera,IoT,200,35000,183,1000,550000,200000,7737,461,3000,No,675,20,30000
60,NPTEL,IoT,200,35000,181,1000,500000,100000,5976,465,2000,No,560,10,20000
61,Udemy,IoT,200,35000,163,1000,540000,170000,8362,422,3500,No,601,25,25000
62,360DigitMg,Tablau,300,40000,174,2000,500000,120000,9511,472,3000,Yes,635,22,32000
63,360DigitMg,IoT,100,30000,169,2000,500000,150000,6192,496,3000,Yes,572,22,32000
64,Coursera,JAVA,200,35000,190,2000,550000,200000,7169,465,3000,No,644,20,30000
65,Coursera,IoT,100,30000,184,1000,550000,200000,6085,480,3000,No,684,20,30000
66,Coursera,DS & ML,300,40000,180,1000,550000,200000,8857,417,3000,No,534,20,30000
67,iNeuron,Tablau,300,40000,181,1000,570000,150000,7422,493,4000,Yes,506,30,30000
68,360DigitMg,DS & ML,200,35000,162,2000,500000,120000,6993,402,3000,Yes,690,22,32000
69,NPTEL,DS & ML,300,40000,174,2000,500000,100000,8175,458,2000,No,695,10,20000
70,iNeuron,JAVA,100,30000,181,2000,570000,150000,9029,473,4000,Yes,656,30,30000
71,iNeuron,IoT,300,40000,187,2000,570000,150000,8498,438,4000,Yes,686,30,30000
72,Coursera,SQL,100,30000,166,2000,550000,200000,6047,421,3000,No,661,20,30000
73,360DigitMg,Tablau,300,40000,153,1000,540000,120000,6082,404,3000,Yes,589,22,32000
74,iNeuron,SQL,300,40000,191,2000,570000,150000,9192,490,4000,Yes,653,30,30000
75,NPTEL,SQL,300,40000,159,1000,500000,100000,8076,465,2000,No,573,10,20000
76,Coursera,DS & ML,300,40000,157,2000,550000,200000,5860,414,3000,No,684,20,30000
77,iNeuron,SQL,300,40000,181,1000,570000,150000,7135,412,4000,Yes,670,30,30000
78,iNeuron,SQL,300,40000,186,1000,570000,150000,6756,478,4000,Yes,504,30,30000
79,Coursera,Tablau,100,30000,167,2000,550000,200000,6452,496,3000,No,693,20,30000
80,360DigitMg,SQL,100,30000,169,2000,530000,150000,6858,438,3000,Yes,681,22,32000
81,iNeuron,Tablau,200,35000,198,1000,570000,150000,9564,474,4000,Yes,677,30,30000
82,NPTEL,IoT,300,40000,189,2000,500000,100000,6054,418,2000,No,510,10,20000
83,Coursera,Tablau,100,30000,184,2000,550000,200000,6292,431,3000,No,684,20,30000
84,360DigitMg,SQL,200,35000,159,2000,500000,150000,6444,448,3000,Yes,635,22,32000
85,NPTEL,JAVA,100,30000,195,2000,500000,100000,6370,457,2000,No,647,10,20000
86,iNeuron,IoT,200,35000,163,1000,570000,150000,8416,400,4000,Yes,694,30,30000
87,NPTEL,JAVA,100,30000,166,2000,500000,100000,5156,418,2000,No,661,10,20000
88,Udemy,SQL,200,35000,154,1000,540000,170000,9806,445,3500,No,548,25,25000
89,Udemy,IoT,200,35000,166,2000,540000,170000,9563,468,3500,No,597,25,25000
90,360DigitMg,IoT,300,40000,183,2000,500000,120000,6327,432,3000,Yes,543,22,32000
91,Udemy,JAVA,100,30000,157,2000,540000,170000,5280,406,3500,No,521,25,25000
92,Coursera,JAVA,300,40000,198,1000,550000,200000,7867,427,3000,No,668,20,30000
93,iNeuron,DS & ML,200,35000,195,2000,570000,150000,9924,484,4000,Yes,558,30,30000
94,360DigitMg,SQL,200,35000,179,1000,500000,100000,7735,410,3000,Yes,519,22,32000
95,360DigitMg,Tablau,200,35000,175,1000,530000,170000,5349,469,3000,Yes,585,22,32000
96,360DigitMg,JAVA,100,30000,179,2000,540000,150000,8392,449,3000,Yes,665,22,32000
97,iNeuron,SQL,100,30000,151,2000,570000,150000,6317,469,4000,Yes,512,30,30000
98,NPTEL,Tablau,200,35000,193,1000,500000,100000,7984,448,2000,No,540,10,20000
99,Udemy,SQL,200,35000,160,2000,540000,170000,5027,426,3500,No,604,25,25000
100,Udemy,Tablau,200,35000,152,1000,540000,170000,6567,447,3500,No,676,25,25000
101,iNeuron,IoT,100,30000,187,1000,570000,150000,5490,487,4000,Yes,643,30,30000
102,Coursera,DS & ML,300,40000,183,1000,550000,200000,5725,453,3000,No,581,20,30000
103,NPTEL,JAVA,300,40000,189,2000,500000,100000,8874,495,2000,No,600,10,20000
104,Coursera,DS & ML,200,35000,192,2000,550000,200000,7479,433,3000,No,581,20,30000
105,360DigitMg,SQL,100,30000,197,2000,570000,150000,9509,436,3000,Yes,664,22,32000
106,360DigitMg,IoT,300,40000,180,1000,550000,200000,6617,449,3000,Yes,660,22,32000
107,Udemy,Tablau,100,30000,157,2000,540000,170000,9913,409,3500,No,664,25,25000
108,360DigitMg,DS & ML,200,35000,192,1000,570000,100000,9212,467,3000,Yes,599,22,32000
109,Udemy,JAVA,100,30000,160,2000,540000,170000,9383,498,3500,No,565,25,25000
110,360DigitMg,SQL,200,35000,184,1000,540000,100000,6334,432,3000,Yes,589,22,32000
111,Coursera,IoT,200,35000,190,1000,550000,200000,7397,467,3000,No,544,20,30000
112,Udemy,DS & ML,300,40000,200,1000,540000,170000,6426,486,3500,No,660,25,25000
113,Coursera,JAVA,200,35000,191,1000,550000,200000,5012,481,3000,No,582,20,30000
114,iNeuron,JAVA,200,35000,169,1000,570000,150000,7993,404,4000,Yes,573,30,30000
115,iNeuron,JAVA,300,40000,166,2000,570000,150000,5044,402,4000,Yes,639,30,30000
116,NPTEL,JAVA,100,30000,189,2000,500000,100000,9131,477,2000,No,633,10,20000
117,Coursera,Tablau,100,30000,168,1000,550000,200000,7630,492,3000,No,603,20,30000
118,NPTEL,DS & ML,200,35000,193,1000,500000,100000,8315,447,2000,No,543,10,20000
119,Coursera,DS & ML,200,35000,196,1000,550000,200000,6764,425,3000,No,600,20,30000
120,iNeuron,IoT,300,40000,169,2000,570000,150000,8790,425,4000,Yes,635,30,30000
121,Udemy,SQL,100,30000,199,1000,540000,170000,8785,497,3500,No,577,25,25000
122,Udemy,JAVA,200,35000,196,1000,540000,170000,5188,458,3500,No,570,25,25000
123,360DigitMg,JAVA,200,35000,188,1000,550000,120000,7887,421,3000,Yes,653,22,32000
124,360DigitMg,SQL,200,35000,164,2000,570000,150000,7452,416,3000,Yes,600,22,32000
125,iNeuron,IoT,200,35000,170,1000,570000,150000,6689,456,4000,Yes,688,30,30000
126,iNeuron,JAVA,100,30000,170,2000,570000,150000,7211,418,4000,Yes,595,30,30000
127,360DigitMg,SQL,300,40000,191,1000,530000,120000,8549,405,3000,Yes,634,22,32000
128,360DigitMg,Tablau,100,30000,158,2000,500000,120000,8489,414,3000,Yes,586,22,32000
129,NPTEL,IoT,300,40000,160,1000,500000,100000,7078,454,2000,No,510,10,20000
130,NPTEL,SQL,100,30000,182,2000,500000,100000,5407,409,2000,No,591,10,20000
131,iNeuron,IoT,100,30000,187,2000,570000,150000,5346,478,4000,Yes,563,30,30000
132,NPTEL,IoT,200,35000,161,1000,500000,100000,6808,418,2000,No,579,10,20000
133,Udemy,Tablau,200,35000,176,1000,540000,170000,5030,405,3500,No,658,25,25000
134,Udemy,SQL,200,35000,177,1000,540000,170000,6312,498,3500,No,549,25,25000
135,iNeuron,DS & ML,200,35000,179,1000,570000,150000,6601,477,4000,Yes,584,30,30000
136,iNeuron,SQL,300,40000,156,2000,570000,150000,9855,405,4000,Yes,526,30,30000
137,Coursera,JAVA,100,30000,171,2000,550000,200000,6878,416,3000,No,635,20,30000
138,iNeuron,SQL,100,30000,164,1000,570000,150000,9586,479,4000,Yes,654,30,30000
139,iNeuron,DS & ML,300,40000,185,2000,570000,150000,6505,432,4000,Yes,509,30,30000
140,Coursera,IoT,100,30000,159,1000,550000,200000,6932,432,3000,No,524,20,30000
141,iNeuron,SQL,200,35000,199,2000,570000,150000,5012,499,4000,Yes,642,30,30000
142,360DigitMg,DS & ML,100,30000,189,2000,540000,100000,9869,490,3000,Yes,700,22,32000
143,Coursera,DS & ML,200,35000,176,1000,550000,200000,8508,472,3000,No,662,20,30000
144,360DigitMg,DS & ML,100,30000,180,1000,500000,150000,5789,456,3000,Yes,549,22,32000
145,NPTEL,JAVA,300,40000,200,2000,500000,100000,6292,437,2000,No,515,10,20000
146,NPTEL,SQL,100,30000,165,2000,500000,100000,7823,497,2000,No,682,10,20000
147,NPTEL,SQL,200,35000,175,2000,500000,100000,5073,435,2000,No,645,10,20000
148,iNeuron,DS & ML,300,40000,184,2000,570000,150000,5261,490,4000,Yes,632,30,30000
149,iNeuron,DS & ML,200,35000,185,2000,570000,150000,8239,451,4000,Yes,623,30,30000
150,NPTEL,JAVA,100,30000,173,1000,500000,100000,7175,435,2000,No,600,10,20000
151,NPTEL,DS & ML,100,30000,156,1000,500000,100000,7011,405,2000,No,522,10,20000
152,Coursera,JAVA,100,30000,182,1000,550000,200000,7446,468,3000,No,646,20,30000
153,NPTEL,DS & ML,200,35000,152,1000,500000,100000,9604,424,2000,No,515,10,20000
154,iNeuron,JAVA,300,40000,196,2000,570000,150000,6042,460,4000,Yes,535,30,30000
155,iNeuron,Tablau,200,35000,150,1000,570000,150000,8966,470,4000,Yes,699,30,30000
156,NPTEL,JAVA,100,30000,177,2000,500000,100000,9488,455,2000,No,568,10,20000
157,Coursera,Tablau,300,40000,199,2000,550000,200000,8699,419,3000,No,644,20,30000
158,NPTEL,Tablau,200,35000,162,1000,500000,100000,9398,426,2000,No,578,10,20000
159,Coursera,DS & ML,300,40000,161,1000,550000,200000,5531,446,3000,No,698,20,30000
160,NPTEL,JAVA,200,35000,152,2000,500000,100000,7622,468,2000,No,699,10,20000
161,NPTEL,DS & ML,100,30000,168,1000,500000,100000,5990,425,2000,No,613,10,20000
162,Udemy,JAVA,300,40000,183,1000,540000,170000,9131,452,3500,No,601,25,25000
163,Udemy,SQL,300,40000,150,1000,540000,170000,5108,452,3500,No,611,25,25000
164,Coursera,Tablau,300,40000,196,2000,550000,200000,5706,424,3000,No,565,20,30000
165,Coursera,SQL,200,35000,182,1000,550000,200000,5246,491,3000,No,629,20,30000
166,NPTEL,DS & ML,300,40000,181,2000,500000,100000,7892,454,2000,No,540,10,20000
167,iNeuron,SQL,200,35000,167,2000,570000,150000,7154,491,4000,Yes,650,30,30000
168,360DigitMg,JAVA,300,40000,155,2000,570000,200000,7565,418,3000,Yes,575,22,32000
169,Udemy,Tablau,200,35000,172,2000,540000,170000,8280,415,3500,No,545,25,25000
170,360DigitMg,Tablau,200,35000,182,2000,500000,170000,9674,450,3000,Yes,567,22,32000
171,Udemy,DS & ML,300,40000,158,1000,540000,170000,8902,487,3500,No,563,25,25000
172,360DigitMg,DS & ML,200,35000,198,2000,500000,120000,7828,441,3000,Yes,530,22,32000
173,iNeuron,Tablau,300,40000,195,1000,570000,150000,7916,432,4000,Yes,604,30,30000
174,360DigitMg,IoT,300,40000,159,1000,540000,150000,6340,417,3000,Yes,685,22,32000
175,Udemy,Tablau,200,35000,152,2000,540000,170000,7331,494,3500,No,641,25,25000
176,iNeuron,Tablau,300,40000,184,2000,570000,150000,8334,441,4000,Yes,656,30,30000
177,Udemy,JAVA,100,30000,171,1000,540000,170000,7919,451,3500,No,541,25,25000
178,Coursera,IoT,300,40000,163,2000,550000,200000,9563,486,3000,No,603,20,30000
179,360DigitMg,JAVA,100,30000,179,1000,500000,150000,8977,443,3000,Yes,515,22,32000
180,iNeuron,JAVA,100,30000,196,1000,570000,150000,9530,463,4000,Yes,538,30,30000
181,Udemy,JAVA,300,40000,195,2000,540000,170000,8776,402,3500,No,593,25,25000
182,360DigitMg,DS & ML,100,30000,150,1000,530000,150000,6931,441,3000,Yes,573,22,32000
183,Udemy,DS & ML,300,40000,195,2000,540000,170000,6909,448,3500,No,528,25,25000
184,360DigitMg,Tablau,100,30000,170,2000,550000,200000,6453,400,3000,Yes,688,22,32000
185,iNeuron,SQL,100,30000,152,2000,570000,150000,8247,450,4000,Yes,546,30,30000
186,iNeuron,DS & ML,300,40000,174,2000,570000,150000,6457,428,4000,Yes,596,30,30000
187,Udemy,DS & ML,300,40000,175,1000,540000,170000,5073,404,3500,No,663,25,25000
188,NPTEL,JAVA,200,35000,164,2000,500000,100000,8090,479,2000,No,528,10,20000
189,iNeuron,DS & ML,100,30000,200,2000,570000,150000,6955,414,4000,Yes,528,30,30000
190,NPTEL,Tablau,200,35000,197,1000,500000,100000,9250,409,2000,No,508,10,20000
191,Udemy,Tablau,300,40000,152,2000,540000,170000,5780,441,3500,No,576,25,25000
192,NPTEL,DS & ML,200,35000,195,1000,500000,100000,5787,452,2000,No,572,10,20000
193,Coursera,Tablau,200,35000,189,2000,550000,200000,6894,411,3000,No,555,20,30000
194,NPTEL,JAVA,100,30000,183,1000,500000,100000,6791,476,2000,No,596,10,20000
195,360DigitMg,JAVA,200,35000,161,1000,540000,200000,6006,476,3000,Yes,559,22,32000
196,Udemy,Tablau,300,40000,165,1000,540000,170000,8583,494,3500,No,617,25,25000
197,iNeuron,IoT,300,40000,186,1000,570000,150000,7285,482,4000,Yes,505,30,30000
198,Udemy,IoT,200,35000,198,2000,540000,170000,5380,476,3500,No,576,25,25000
199,Coursera,JAVA,300,40000,168,1000,550000,200000,8242,490,3000,No,544,20,30000
200,Coursera,Tablau,300,40000,171,1000,550000,200000,8428,429,3000,No,591,20,30000
201,iNeuron,Tablau,300,40000,172,2000,570000,150000,7440,403,4000,Yes,599,30,30000
202,NPTEL,IoT,300,40000,187,2000,500000,100000,6270,433,2000,No,624,10,20000
203,NPTEL,Tablau,300,40000,198,2000,500000,100000,8863,458,2000,No,520,10,20000
204,Udemy,IoT,100,30000,152,1000,540000,170000,8974,464,3500,No,548,25,25000
205,Coursera,JAVA,300,40000,181,2000,550000,200000,6712,445,3000,No,593,20,30000
206,360DigitMg,DS & ML,300,40000,157,1000,550000,100000,9423,500,3000,Yes,624,22,32000
207,Coursera,JAVA,300,40000,179,1000,550000,200000,7157,427,3000,No,631,20,30000
208,360DigitMg,SQL,300,40000,150,1000,570000,100000,7189,432,3000,Yes,660,22,32000
209,iNeuron,SQL,300,40000,162,1000,570000,150000,9615,487,4000,Yes,527,30,30000
210,Udemy,Tablau,300,40000,198,1000,540000,170000,5005,474,3500,No,517,25,25000
211,360DigitMg,SQL,200,35000,172,1000,550000,200000,9678,436,3000,Yes,684,22,32000
212,360DigitMg,IoT,300,40000,191,2000,540000,150000,8833,402,3000,Yes,614,22,32000
213,Coursera,IoT,300,40000,154,2000,550000,200000,5981,448,3000,No,556,20,30000
214,Udemy,SQL,200,35000,161,2000,540000,170000,6417,403,3500,No,522,25,25000
215,Coursera,JAVA,300,40000,159,1000,550000,200000,6323,449,3000,No,624,20,30000
216,iNeuron,Tablau,100,30000,152,2000,570000,150000,6725,415,4000,Yes,672,30,30000
217,iNeuron,Tablau,200,35000,187,1000,570000,150000,5825,446,4000,Yes,693,30,30000
218,Coursera,Tablau,100,30000,199,1000,550000,200000,5183,431,3000,No,698,20,30000
219,NPTEL,IoT,300,40000,193,1000,500000,100000,6388,455,2000,No,590,10,20000
220,Coursera,DS & ML,200,35000,160,1000,550000,200000,7791,403,3000,No,537,20,30000
221,Coursera,JAVA,100,30000,192,1000,550000,200000,5942,491,3000,No,597,20,30000
222,Coursera,Tablau,200,35000,189,2000,550000,200000,7995,411,3000,No,678,20,30000
223,360DigitMg,IoT,300,40000,166,2000,530000,150000,7318,460,3000,Yes,585,22,32000
224,Udemy,SQL,100,30000,173,2000,540000,170000,8528,478,3500,No,700,25,25000
225,iNeuron,IoT,200,35000,151,2000,570000,150000,7567,425,4000,Yes,629,30,30000
226,NPTEL,SQL,100,30000,164,2000,500000,100000,5024,438,2000,No,583,10,20000
227,Udemy,DS & ML,300,40000,155,1000,540000,170000,8372,456,3500,No,634,25,25000
228,Udemy,SQL,300,40000,173,2000,540000,170000,8851,467,3500,No,503,25,25000
229,Coursera,IoT,100,30000,191,1000,550000,200000,7720,485,3000,No,658,20,30000
230,360DigitMg,JAVA,100,30000,189,2000,500000,120000,5390,478,3000,Yes,664,22,32000
231,iNeuron,DS & ML,100,30000,188,2000,570000,150000,6206,495,4000,Yes,626,30,30000
232,iNeuron,Tablau,300,40000,159,2000,570000,150000,6149,498,4000,Yes,632,30,30000
233,iNeuron,IoT,300,40000,181,1000,570000,150000,5439,483,4000,Yes,611,30,30000
234,360DigitMg,JAVA,200,35000,174,2000,540000,100000,6961,429,3000,Yes,516,22,32000
235,360DigitMg,JAVA,300,40000,192,2000,550000,170000,9729,416,3000,Yes,579,22,32000
236,Udemy,Tablau,300,40000,165,1000,540000,170000,5493,437,3500,No,602,25,25000
237,360DigitMg,SQL,300,40000,160,1000,500000,170000,9778,429,3000,Yes,608,22,32000
238,NPTEL,JAVA,100,30000,194,1000,500000,100000,7502,451,2000,No,651,10,20000
239,Udemy,IoT,200,35000,191,1000,540000,170000,8486,448,3500,No,634,25,25000
240,360DigitMg,DS & ML,100,30000,194,1000,500000,120000,7202,438,3000,Yes,552,22,32000
241,iNeuron,JAVA,300,40000,174,2000,570000,150000,6901,405,4000,Yes,619,30,30000
242,iNeuron,IoT,100,30000,163,1000,570000,150000,7693,410,4000,Yes,616,30,30000
243,iNeuron,DS & ML,300,40000,174,1000,570000,150000,8363,489,4000,Yes,601,30,30000
244,360DigitMg,Tablau,100,30000,186,2000,540000,100000,8599,414,3000,Yes,577,22,32000
245,Coursera,DS & ML,100,30000,181,1000,550000,200000,7589,406,3000,No,690,20,30000
246,iNeuron,IoT,200,35000,165,2000,570000,150000,8611,407,4000,Yes,546,30,30000
247,iNeuron,JAVA,200,35000,170,2000,570000,150000,5382,498,4000,Yes,605,30,30000
248,Coursera,DS & ML,300,40000,171,2000,550000,200000,9442,407,3000,No,611,20,30000
249,NPTEL,IoT,200,35000,195,2000,500000,100000,9728,420,2000,No,680,10,20000
250,Udemy,Tablau,300,40000,178,1000,540000,170000,7706,462,3500,No,523,25,25000
251,NPTEL,IoT,200,35000,165,2000,500000,100000,7179,467,2000,No,598,10,20000
252,NPTEL,IoT,100,30000,165,2000,500000,100000,7927,481,2000,No,635,10,20000
253,Coursera,IoT,100,30000,162,1000,550000,200000,9728,479,3000,No,620,20,30000
254,NPTEL,IoT,200,35000,196,1000,500000,100000,6402,412,2000,No,521,10,20000
255,360DigitMg,IoT,100,30000,159,1000,550000,100000,5892,500,3000,Yes,652,22,32000
256,Coursera,SQL,200,35000,173,2000,550000,200000,9205,420,3000,No,591,20,30000
257,Udemy,Tablau,100,30000,182,1000,540000,170000,6303,454,3500,No,575,25,25000
258,NPTEL,IoT,100,30000,150,2000,500000,100000,5382,404,2000,No,517,10,20000
259,NPTEL,JAVA,300,40000,187,2000,500000,100000,6303,457,2000,No,538,10,20000
260,NPTEL,Tablau,200,35000,157,2000,500000,100000,9285,459,2000,No,606,10,20000
261,iNeuron,IoT,100,30000,189,1000,570000,150000,5765,475,4000,Yes,573,30,30000
262,iNeuron,JAVA,300,40000,164,2000,570000,150000,5048,407,4000,Yes,545,30,30000
263,iNeuron,SQL,100,30000,174,1000,570000,150000,8891,417,4000,Yes,566,30,30000
264,NPTEL,IoT,300,40000,173,2000,500000,100000,9657,452,2000,No,520,10,20000
265,iNeuron,IoT,100,30000,156,2000,570000,150000,8311,487,4000,Yes,683,30,30000
266,Coursera,IoT,100,30000,159,2000,550000,200000,9040,442,3000,No,666,20,30000
267,Coursera,Tablau,100,30000,185,1000,550000,200000,5174,441,3000,No,698,20,30000
268,Udemy,IoT,200,35000,193,1000,540000,170000,6390,469,3500,No,500,25,25000
269,iNeuron,SQL,100,30000,181,2000,570000,150000,9285,476,4000,Yes,522,30,30000
270,360DigitMg,Tablau,200,35000,163,1000,530000,100000,8116,451,3000,Yes,698,22,32000
271,Udemy,Tablau,200,35000,160,1000,540000,170000,6004,426,3500,No,679,25,25000
272,NPTEL,DS & ML,100,30000,193,2000,500000,100000,5412,498,2000,No,563,10,20000
273,Coursera,SQL,200,35000,154,2000,550000,200000,5635,431,3000,No,535,20,30000
274,Udemy,SQL,200,35000,175,2000,540000,170000,8494,499,3500,No,500,25,25000
275,Udemy,Tablau,300,40000,188,1000,540000,170000,6831,452,3500,No,677,25,25000
276,Udemy,IoT,100,30000,191,1000,540000,170000,6425,459,3500,No,649,25,25000
277,iNeuron,DS & ML,200,35000,153,1000,570000,150000,5612,451,4000,Yes,649,30,30000
278,Coursera,IoT,300,40000,191,1000,550000,200000,5221,459,3000,No,658,20,30000
279,Udemy,Tablau,300,40000,150,1000,540000,170000,7587,404,3500,No,676,25,25000
280,Coursera,Tablau,200,35000,164,1000,550000,200000,8386,438,3000,No,536,20,30000
281,Udemy,JAVA,300,40000,152,2000,540000,170000,8925,464,3500,No,618,25,25000
282,360DigitMg,IoT,300,40000,172,1000,530000,100000,9280,486,3000,Yes,700,22,32000
283,iNeuron,DS & ML,300,40000,176,2000,570000,150000,8169,477,4000,Yes,698,30,30000
284,Udemy,SQL,300,40000,187,1000,540000,170000,8912,480,3500,No,579,25,25000
285,iNeuron,JAVA,200,35000,162,2000,570000,150000,5637,483,4000,Yes,543,30,30000
286,Udemy,JAVA,200,35000,198,2000,540000,170000,6879,446,3500,No,573,25,25000
287,Coursera,SQL,300,40000,170,1000,550000,200000,9603,402,3000,No,567,20,30000
288,Coursera,SQL,200,35000,150,1000,550000,200000,7039,473,3000,No,692,20,30000
289,iNeuron,Tablau,100,30000,194,2000,570000,150000,5174,430,4000,Yes,536,30,30000
290,Udemy,IoT,300,40000,192,2000,540000,170000,7595,456,3500,No,693,25,25000
291,360DigitMg,JAVA,200,35000,185,2000,570000,170000,6507,483,3000,Yes,603,22,32000
292,Coursera,Tablau,200,35000,189,1000,550000,200000,7022,437,3000,No,672,20,30000
293,360DigitMg,IoT,300,40000,174,1000,570000,200000,9132,431,3000,Yes,571,22,32000
294,Udemy,SQL,100,30000,192,2000,540000,170000,8922,480,3500,No,675,25,25000
295,Udemy,IoT,200,35000,183,1000,540000,170000,9404,428,3500,No,592,25,25000
296,iNeuron,JAVA,300,40000,156,1000,570000,150000,5167,426,4000,Yes,561,30,30000
297,NPTEL,JAVA,200,35000,165,2000,500000,100000,5415,449,2000,No,509,10,20000
298,360DigitMg,SQL,200,35000,176,2000,570000,170000,7216,496,3000,Yes,507,22,32000
299,NPTEL,SQL,100,30000,150,2000,500000,100000,8814,489,2000,No,656,10,20000
300,Coursera,JAVA,300,40000,161,2000,550000,200000,8610,453,3000,No,574,20,30000
301,iNeuron,DS & ML,100,30000,193,1000,570000,150000,9893,497,4000,Yes,595,30,30000
302,360DigitMg,JAVA,200,35000,150,2000,550000,170000,8046,459,3000,Yes,570,22,32000
303,360DigitMg,DS & ML,200,35000,189,1000,540000,170000,5399,416,3000,Yes,550,22,32000
304,360DigitMg,IoT,200,35000,174,2000,550000,100000,7429,406,3000,Yes,606,22,32000
305,iNeuron,SQL,100,30000,150,2000,570000,150000,9749,497,4000,Yes,506,30,30000
306,Udemy,JAVA,300,40000,172,1000,540000,170000,8797,490,3500,No,695,25,25000
307,iNeuron,JAVA,100,30000,183,2000,570000,150000,6331,488,4000,Yes,570,30,30000
308,iNeuron,IoT,200,35000,200,1000,570000,150000,7990,472,4000,Yes,606,30,30000
309,iNeuron,IoT,100,30000,171,1000,570000,150000,9250,486,4000,Yes,612,30,30000
310,iNeuron,JAVA,100,30000,195,1000,570000,150000,7101,406,4000,Yes,604,30,30000
311,NPTEL,Tablau,300,40000,158,1000,500000,100000,5475,437,2000,No,587,10,20000
312,NPTEL,DS & ML,200,35000,200,2000,500000,100000,8583,499,2000,No,622,10,20000
313,Udemy,Tablau,200,35000,170,2000,540000,170000,5406,414,3500,No,508,25,25000
314,NPTEL,DS & ML,300,40000,178,2000,500000,100000,5129,415,2000,No,622,10,20000
315,iNeuron,IoT,100,30000,168,1000,570000,150000,8796,455,4000,Yes,515,30,30000
316,360DigitMg,JAVA,300,40000,160,1000,550000,100000,9315,404,3000,Yes,599,22,32000
317,Udemy,IoT,200,35000,187,2000,540000,170000,9042,437,3500,No,501,25,25000
318,iNeuron,Tablau,200,35000,152,1000,570000,150000,6872,474,4000,Yes,568,30,30000
319,NPTEL,JAVA,200,35000,160,1000,500000,100000,5481,419,2000,No,662,10,20000
320,iNeuron,Tablau,100,30000,200,1000,570000,150000,9512,481,4000,Yes,579,30,30000
321,Coursera,IoT,300,40000,163,1000,550000,200000,5215,459,3000,No,624,20,30000
322,NPTEL,JAVA,300,40000,162,1000,500000,100000,9071,465,2000,No,516,10,20000
323,iNeuron,DS & ML,200,35000,200,1000,570000,150000,5992,458,4000,Yes,636,30,30000
324,Coursera,DS & ML,200,35000,187,2000,550000,200000,8542,471,3000,No,523,20,30000
325,360DigitMg,SQL,200,35000,166,2000,500000,170000,8024,425,3000,Yes,501,22,32000
326,NPTEL,Tablau,300,40000,157,1000,500000,100000,5995,425,2000,No,539,10,20000
327,Udemy,Tablau,300,40000,196,2000,540000,170000,6639,459,3500,No,559,25,25000
328,360DigitMg,JAVA,300,40000,200,1000,550000,120000,9721,444,3000,Yes,550,22,32000
329,iNeuron,IoT,200,35000,200,2000,570000,150000,9974,412,4000,Yes,658,30,30000
330,Udemy,Tablau,300,40000,178,1000,540000,170000,9889,485,3500,No,635,25,25000
331,Coursera,SQL,100,30000,171,1000,550000,200000,8025,401,3000,No,691,20,30000
332,360DigitMg,DS & ML,300,40000,195,1000,530000,200000,8112,456,3000,Yes,652,22,32000
333,iNeuron,JAVA,300,40000,181,2000,570000,150000,7553,436,4000,Yes,526,30,30000
334,NPTEL,Tablau,100,30000,171,1000,500000,100000,5642,421,2000,No,616,10,20000
335,360DigitMg,IoT,100,30000,167,2000,530000,170000,5444,446,3000,Yes,508,22,32000
336,Udemy,DS & ML,200,35000,178,2000,540000,170000,5430,471,3500,No,528,25,25000
337,iNeuron,IoT,200,35000,169,1000,570000,150000,9129,468,4000,Yes,578,30,30000
338,NPTEL,Tablau,200,35000,173,1000,500000,100000,8091,474,2000,No,561,10,20000
339,NPTEL,DS & ML,200,35000,175,1000,500000,100000,5458,476,2000,No,618,10,20000
340,iNeuron,SQL,100,30000,166,1000,570000,150000,7317,476,4000,Yes,536,30,30000
341,Udemy,Tablau,200,35000,183,2000,540000,170000,9163,460,3500,No,547,25,25000
342,NPTEL,SQL,300,40000,172,2000,500000,100000,7350,464,2000,No,586,10,20000
343,iNeuron,JAVA,100,30000,163,1000,570000,150000,9796,468,4000,Yes,570,30,30000
344,Udemy,JAVA,200,35000,154,2000,540000,170000,8165,498,3500,No,681,25,25000
345,Udemy,JAVA,300,40000,177,1000,540000,170000,7368,413,3500,No,654,25,25000
346,360DigitMg,DS & ML,100,30000,190,2000,550000,150000,9434,459,3000,Yes,535,22,32000
347,iNeuron,Tablau,200,35000,158,2000,570000,150000,8587,447,4000,Yes,608,30,30000
348,Udemy,JAVA,200,35000,160,1000,540000,170000,7595,483,3500,No,655,25,25000
349,Udemy,IoT,100,30000,174,2000,540000,170000,8593,429,3500,No,676,25,25000
350,Coursera,IoT,300,40000,171,1000,550000,200000,9729,459,3000,No,516,20,30000
351,iNeuron,IoT,300,40000,183,2000,570000,150000,8231,442,4000,Yes,529,30,30000
352,iNeuron,DS & ML,200,35000,198,1000,570000,150000,5482,488,4000,Yes,697,30,30000
353,360DigitMg,SQL,300,40000,186,2000,530000,150000,8818,435,3000,Yes,541,22,32000
354,Udemy,IoT,100,30000,193,1000,540000,170000,7371,419,3500,No,513,25,25000
355,360DigitMg,JAVA,100,30000,199,1000,500000,120000,6555,467,3000,Yes,697,22,32000
356,iNeuron,IoT,200,35000,193,2000,570000,150000,8818,493,4000,Yes,690,30,30000
357,iNeuron,Tablau,100,30000,186,2000,570000,150000,7508,442,4000,Yes,516,30,30000
358,iNeuron,JAVA,200,35000,172,1000,570000,150000,9041,421,4000,Yes,595,30,30000
359,NPTEL,SQL,100,30000,180,1000,500000,100000,7450,434,2000,No,600,10,20000
360,Udemy,Tablau,100,30000,179,1000,540000,170000,5440,413,3500,No,532,25,25000
361,Coursera,Tablau,300,40000,176,1000,550000,200000,8037,430,3000,No,659,20,30000
362,iNeuron,DS & ML,200,35000,179,2000,570000,150000,6510,466,4000,Yes,576,30,30000
363,360DigitMg,JAVA,200,35000,161,1000,540000,170000,9114,464,3000,Yes,559,22,32000
364,Udemy,JAVA,200,35000,176,1000,540000,170000,9542,481,3500,No,641,25,25000
365,NPTEL,IoT,300,40000,179,2000,500000,100000,6568,433,2000,No,657,10,20000
366,360DigitMg,DS & ML,300,40000,166,2000,530000,200000,5912,461,3000,Yes,526,22,32000
367,360DigitMg,SQL,300,40000,163,2000,570000,120000,5795,454,3000,Yes,538,22,32000
368,NPTEL,Tablau,300,40000,180,1000,500000,100000,7130,448,2000,No,599,10,20000
369,iNeuron,SQL,200,35000,170,2000,570000,150000,8685,402,4000,Yes,586,30,30000
370,Coursera,IoT,100,30000,162,2000,550000,200000,7594,497,3000,No,542,20,30000
371,Coursera,JAVA,200,35000,151,1000,550000,200000,5465,403,3000,No,636,20,30000
372,360DigitMg,JAVA,200,35000,182,2000,570000,150000,8415,486,3000,Yes,563,22,32000
373,Udemy,DS & ML,200,35000,165,2000,540000,170000,6635,429,3500,No,674,25,25000
374,NPTEL,IoT,300,40000,157,1000,500000,100000,7202,408,2000,No,527,10,20000
375,Udemy,DS & ML,100,30000,177,2000,540000,170000,6120,459,3500,No,683,25,25000
376,Udemy,SQL,300,40000,187,2000,540000,170000,6942,487,3500,No,581,25,25000
377,Udemy,Tablau,200,35000,190,1000,540000,170000,8986,460,3500,No,667,25,25000
378,360DigitMg,DS & ML,300,40000,177,1000,540000,150000,5734,415,3000,Yes,564,22,32000
379,360DigitMg,JAVA,100,30000,164,1000,500000,100000,8709,433,3000,Yes,631,22,32000
380,360DigitMg,DS & ML,200,35000,190,1000,570000,100000,5699,482,3000,Yes,585,22,32000
381,Coursera,Tablau,200,35000,179,1000,550000,200000,8218,481,3000,No,524,20,30000
382,NPTEL,SQL,300,40000,189,2000,500000,100000,6796,459,2000,No,623,10,20000
383,360DigitMg,DS & ML,100,30000,162,1000,550000,200000,9626,414,3000,Yes,517,22,32000
384,360DigitMg,SQL,300,40000,184,2000,500000,150000,7844,480,3000,Yes,627,22,32000
385,NPTEL,Tablau,100,30000,194,1000,500000,100000,7922,467,2000,No,661,10,20000
386,Coursera,IoT,100,30000,198,2000,550000,200000,8893,425,3000,No,540,20,30000
387,Udemy,DS & ML,100,30000,193,2000,540000,170000,8176,454,3500,No,693,25,25000
388,NPTEL,DS & ML,300,40000,199,1000,500000,100000,6385,436,2000,No,656,10,20000
389,360DigitMg,SQL,100,30000,192,2000,500000,200000,5680,460,3000,Yes,564,22,32000
390,iNeuron,SQL,200,35000,194,1000,570000,150000,8515,417,4000,Yes,609,30,30000
391,Coursera,SQL,200,35000,161,1000,550000,200000,7802,479,3000,No,593,20,30000
392,iNeuron,IoT,100,30000,163,2000,570000,150000,5654,422,4000,Yes,665,30,30000
393,Udemy,Tablau,300,40000,153,1000,540000,170000,6492,478,3500,No,664,25,25000
394,360DigitMg,DS & ML,300,40000,175,2000,540000,100000,9983,433,3000,Yes,549,22,32000
395,Udemy,IoT,100,30000,156,2000,540000,170000,5097,428,3500,No,601,25,25000
396,iNeuron,JAVA,200,35000,169,1000,570000,150000,8416,439,4000,Yes,581,30,30000
397,NPTEL,SQL,200,35000,166,2000,500000,100000,5969,404,2000,No,669,10,20000
398,iNeuron,Tablau,100,30000,162,1000,570000,150000,5725,428,4000,Yes,608,30,30000
399,360DigitMg,IoT,100,30000,166,1000,540000,120000,6834,496,3000,Yes,606,22,32000
400,Coursera,JAVA,100,30000,168,1000,550000,200000,5026,444,3000,No,684,20,30000
401,Coursera,SQL,300,40000,176,2000,550000,200000,7813,444,3000,No,545,20,30000
402,iNeuron,Tablau,300,40000,151,2000,570000,150000,8339,474,4000,Yes,696,30,30000
403,NPTEL,SQL,300,40000,154,2000,500000,100000,8821,446,2000,No,609,10,20000
404,360DigitMg,Tablau,300,40000,161,1000,570000,100000,6875,491,3000,Yes,684,22,32000
405,iNeuron,DS & ML,300,40000,174,1000,570000,150000,9329,413,4000,Yes,533,30,30000
406,Coursera,JAVA,100,30000,150,1000,550000,200000,5422,418,3000,No,526,20,30000
407,NPTEL,JAVA,300,40000,198,1000,500000,100000,9134,451,2000,No,632,10,20000
408,360DigitMg,IoT,200,35000,175,1000,550000,170000,6605,448,3000,Yes,551,22,32000
409,NPTEL,JAVA,200,35000,178,2000,500000,100000,9444,416,2000,No,627,10,20000
410,Udemy,DS & ML,300,40000,171,1000,540000,170000,5618,410,3500,No,677,25,25000
411,NPTEL,SQL,100,30000,176,2000,500000,100000,8765,473,2000,No,573,10,20000
412,NPTEL,SQL,300,40000,165,2000,500000,100000,7969,411,2000,No,633,10,20000
413,Udemy,JAVA,300,40000,200,2000,540000,170000,7878,498,3500,No,606,25,25000
414,NPTEL,JAVA,100,30000,192,1000,500000,100000,5621,449,2000,No,637,10,20000
415,iNeuron,IoT,100,30000,187,2000,570000,150000,9753,440,4000,Yes,688,30,30000
416,Udemy,Tablau,100,30000,164,2000,540000,170000,7091,475,3500,No,683,25,25000
417,NPTEL,SQL,100,30000,163,1000,500000,100000,8410,488,2000,No,500,10,20000
418,Udemy,IoT,300,40000,184,2000,540000,170000,8020,470,3500,No,534,25,25000
419,Coursera,Tablau,300,40000,198,2000,550000,200000,5831,468,3000,No,644,20,30000
420,Udemy,Tablau,100,30000,185,1000,540000,170000,7741,460,3500,No,682,25,25000
421,NPTEL,Tablau,100,30000,158,2000,500000,100000,9361,460,2000,No,553,10,20000
422,Coursera,IoT,100,30000,200,2000,550000,200000,9267,486,3000,No,572,20,30000
423,360DigitMg,JAVA,300,40000,154,1000,530000,150000,7482,433,3000,Yes,622,22,32000
424,Udemy,SQL,100,30000,159,1000,540000,170000,6949,481,3500,No,530,25,25000
425,iNeuron,DS & ML,200,35000,183,2000,570000,150000,7233,474,4000,Yes,573,30,30000
426,Coursera,Tablau,300,40000,179,1000,550000,200000,9572,447,3000,No,592,20,30000
427,NPTEL,IoT,300,40000,199,1000,500000,100000,6633,413,2000,No,604,10,20000
428,NPTEL,IoT,300,40000,156,2000,500000,100000,6675,495,2000,No,596,10,20000
429,iNeuron,Tablau,200,35000,193,2000,570000,150000,7838,473,4000,Yes,696,30,30000
430,NPTEL,IoT,200,35000,174,1000,500000,100000,8468,441,2000,No,509,10,20000
431,iNeuron,SQL,300,40000,173,1000,570000,150000,8168,433,4000,Yes,523,30,30000
432,iNeuron,JAVA,100,30000,166,2000,570000,150000,9258,412,4000,Yes,609,30,30000
433,360DigitMg,DS & ML,200,35000,163,1000,530000,170000,8084,464,3000,Yes,571,22,32000
434,Coursera,Tablau,200,35000,195,2000,550000,200000,5297,448,3000,No,564,20,30000
435,360DigitMg,DS & ML,200,35000,163,2000,540000,170000,8847,479,3000,Yes,533,22,32000
436,iNeuron,IoT,300,40000,169,2000,570000,150000,6799,470,4000,Yes,544,30,30000
437,NPTEL,JAVA,200,35000,183,2000,500000,100000,6528,500,2000,No,643,10,20000
438,360DigitMg,Tablau,200,35000,175,1000,500000,120000,9369,494,3000,Yes,692,22,32000
439,iNeuron,JAVA,300,40000,179,2000,570000,150000,9932,493,4000,Yes,652,30,30000
440,360DigitMg,IoT,200,35000,173,1000,500000,200000,7096,413,3000,Yes,607,22,32000
441,360DigitMg,DS & ML,100,30000,162,1000,550000,120000,8476,413,3000,Yes,586,22,32000
442,360DigitMg,SQL,200,35000,169,2000,540000,120000,5845,431,3000,Yes,604,22,32000
443,Coursera,JAVA,300,40000,189,1000,550000,200000,6416,451,3000,No,559,20,30000
444,iNeuron,Tablau,300,40000,196,1000,570000,150000,6888,435,4000,Yes,583,30,30000
445,360DigitMg,SQL,300,40000,156,2000,530000,100000,8333,454,3000,Yes,646,22,32000
446,NPTEL,JAVA,300,40000,196,2000,500000,100000,9407,423,2000,No,550,10,20000
447,NPTEL,SQL,100,30000,175,2000,500000,100000,6125,461,2000,No,599,10,20000
448,360DigitMg,JAVA,200,35000,175,2000,550000,150000,8884,441,3000,Yes,600,22,32000
449,NPTEL,DS & ML,100,30000,177,2000,500000,100000,5177,491,2000,No,579,10,20000
450,Udemy,SQL,200,35000,166,1000,540000,170000,8139,465,3500,No,566,25,25000
451,Coursera,DS & ML,200,35000,157,2000,550000,200000,5595,458,3000,No,516,20,30000
452,Udemy,SQL,200,35000,199,1000,540000,170000,9949,462,3500,No,527,25,25000
453,Udemy,Tablau,300,40000,166,1000,540000,170000,9555,474,3500,No,676,25,25000
454,Coursera,DS & ML,300,40000,178,1000,550000,200000,7891,467,3000,No,649,20,30000
455,360DigitMg,DS & ML,300,40000,183,2000,530000,100000,8246,429,3000,Yes,523,22,32000
456,360DigitMg,IoT,300,40000,169,1000,530000,200000,8088,411,3000,Yes,654,22,32000
457,iNeuron,DS & ML,100,30000,156,2000,570000,150000,8327,480,4000,Yes,534,30,30000
458,360DigitMg,IoT,300,40000,163,2000,570000,100000,9126,429,3000,Yes,685,22,32000
459,Udemy,JAVA,100,30000,169,1000,540000,170000,9397,435,3500,No,513,25,25000
460,iNeuron,JAVA,100,30000,166,2000,570000,150000,7513,422,4000,Yes,547,30,30000
461,Udemy,JAVA,200,35000,193,1000,540000,170000,8366,471,3500,No,597,25,25000
462,iNeuron,DS & ML,200,35000,175,2000,570000,150000,8886,406,4000,Yes,634,30,30000
463,Udemy,DS & ML,300,40000,160,1000,540000,170000,8085,410,3500,No,672,25,25000
464,Coursera,DS & ML,100,30000,165,2000,550000,200000,8707,421,3000,No,575,20,30000
465,iNeuron,Tablau,100,30000,189,1000,570000,150000,5216,438,4000,Yes,647,30,30000
466,Coursera,Tablau,300,40000,199,2000,550000,200000,7589,499,3000,No,631,20,30000
467,NPTEL,JAVA,200,35000,178,2000,500000,100000,6760,446,2000,No,647,10,20000
468,NPTEL,SQL,100,30000,168,2000,500000,100000,9688,475,2000,No,638,10,20000
469,360DigitMg,IoT,300,40000,187,1000,540000,100000,5058,450,3000,Yes,587,22,32000
470,360DigitMg,DS & ML,200,35000,178,1000,550000,120000,6380,418,3000,Yes,600,22,32000
471,NPTEL,SQL,200,35000,160,1000,500000,100000,6696,409,2000,No,534,10,20000
472,360DigitMg,DS & ML,300,40000,174,1000,500000,120000,6697,432,3000,Yes,657,22,32000
473,360DigitMg,Tablau,100,30000,193,2000,540000,100000,6822,426,3000,Yes,578,22,32000
474,Udemy,Tablau,100,30000,199,1000,540000,170000,7719,410,3500,No,510,25,25000
475,Udemy,DS & ML,100,30000,166,2000,540000,170000,9288,485,3500,No,556,25,25000
476,Udemy,IoT,300,40000,198,2000,540000,170000,5935,433,3500,No,579,25,25000
477,Coursera,Tablau,200,35000,156,2000,550000,200000,9550,484,3000,No,657,20,30000
478,Coursera,DS & ML,200,35000,185,2000,550000,200000,6086,403,3000,No,618,20,30000
479,iNeuron,DS & ML,200,35000,172,1000,570000,150000,6525,448,4000,Yes,668,30,30000
480,Udemy,IoT,100,30000,172,2000,540000,170000,9335,456,3500,No,679,25,25000
481,iNeuron,Tablau,100,30000,199,1000,570000,150000,9492,470,4000,Yes,576,30,30000
482,360DigitMg,DS & ML,300,40000,167,1000,570000,170000,5222,428,3000,Yes,567,22,32000
483,Coursera,JAVA,300,40000,181,1000,550000,200000,7167,469,3000,No,685,20,30000
484,Udemy,IoT,200,35000,181,1000,540000,170000,6856,427,3500,No,574,25,25000
485,Coursera,DS & ML,300,40000,156,1000,550000,200000,9587,425,3000,No,561,20,30000
486,Udemy,DS & ML,200,35000,196,2000,540000,170000,9798,431,3500,No,691,25,25000
487,Coursera,IoT,100,30000,187,1000,550000,200000,5044,497,3000,No,624,20,30000
488,NPTEL,JAVA,300,40000,178,2000,500000,100000,8398,417,2000,No,607,10,20000
489,NPTEL,Tablau,100,30000,176,1000,500000,100000,8397,406,2000,No,650,10,20000
490,NPTEL,IoT,100,30000,160,1000,500000,100000,8366,429,2000,No,548,10,20000
491,NPTEL,SQL,100,30000,159,2000,500000,100000,7183,401,2000,No,547,10,20000
492,Udemy,Tablau,100,30000,171,2000,540000,170000,6580,466,3500,No,523,25,25000
493,360DigitMg,IoT,200,35000,169,2000,550000,170000,7714,420,3000,Yes,665,22,32000
494,iNeuron,JAVA,100,30000,160,1000,570000,150000,9254,454,4000,Yes,584,30,30000
495,360DigitMg,SQL,200,35000,200,2000,570000,150000,9389,408,3000,Yes,561,22,32000
496,Coursera,JAVA,200,35000,199,1000,550000,200000,6637,486,3000,No,612,20,30000
497,iNeuron,Tablau,300,40000,186,2000,570000,150000,8171,497,4000,Yes,627,30,30000
498,360DigitMg,JAVA,200,35000,173,2000,500000,170000,6579,477,3000,Yes,518,22,32000
499,iNeuron,JAVA,300,40000,186,2000,570000,150000,5973,406,4000,Yes,643,30,30000
500,NPTEL,DS & ML,200,35000,184,1000,500000,100000,5144,473,2000,No,603,10,20000
501,NPTEL,JAVA,200,35000,191,1000,500000,100000,9279,476,2000,No,590,10,20000
502,Coursera,Tablau,300,40000,197,1000,550000,200000,5316,490,3000,No,621,20,30000
503,360DigitMg,DS & ML,200,35000,182,2000,540000,120000,8209,483,3000,Yes,635,22,32000
504,Udemy,Tablau,100,30000,184,1000,540000,170000,9630,489,3500,No,694,25,25000
505,iNeuron,Tablau,200,35000,164,2000,570000,150000,8491,400,4000,Yes,609,30,30000
506,Udemy,IoT,200,35000,185,2000,540000,170000,5455,472,3500,No,654,25,25000
507,iNeuron,Tablau,200,35000,182,1000,570000,150000,7231,405,4000,Yes,609,30,30000
508,iNeuron,Tablau,100,30000,194,2000,570000,150000,7507,499,4000,Yes,519,30,30000
509,Coursera,SQL,200,35000,167,2000,550000,200000,5498,486,3000,No,578,20,30000
510,360DigitMg,DS & ML,300,40000,190,1000,570000,100000,8973,477,3000,Yes,509,22,32000
511,360DigitMg,SQL,100,30000,178,2000,570000,100000,6544,452,3000,Yes,566,22,32000
512,Coursera,DS & ML,300,40000,157,2000,550000,200000,5724,496,3000,No,565,20,30000
513,iNeuron,JAVA,300,40000,155,2000,570000,150000,9113,456,4000,Yes,584,30,30000
514,360DigitMg,Tablau,200,35000,198,2000,530000,150000,9387,445,3000,Yes,573,22,32000
515,NPTEL,DS & ML,100,30000,166,2000,500000,100000,6297,463,2000,No,500,10,20000
516,Coursera,IoT,300,40000,160,2000,550000,200000,7510,474,3000,No,602,20,30000
517,Coursera,DS & ML,200,35000,193,1000,550000,200000,9648,406,3000,No,683,20,30000
518,360DigitMg,SQL,300,40000,178,2000,570000,200000,9468,431,3000,Yes,540,22,32000
519,NPTEL,DS & ML,300,40000,153,2000,500000,100000,9489,454,2000,No,602,10,20000
520,NPTEL,DS & ML,200,35000,180,2000,500000,100000,8212,430,2000,No,590,10,20000
521,NPTEL,Tablau,200,35000,160,1000,500000,100000,9566,405,2000,No,564,10,20000
522,Coursera,JAVA,200,35000,185,2000,550000,200000,7023,476,3000,No,573,20,30000
523,Coursera,JAVA,300,40000,181,1000,550000,200000,8022,421,3000,No,579,20,30000
524,Udemy,Tablau,100,30000,173,2000,540000,170000,5692,434,3500,No,582,25,25000
525,NPTEL,JAVA,300,40000,156,1000,500000,100000,9908,435,2000,No,645,10,20000
526,360DigitMg,SQL,200,35000,189,2000,530000,150000,8343,402,3000,Yes,573,22,32000
527,360DigitMg,IoT,100,30000,180,1000,570000,150000,9342,468,3000,Yes,696,22,32000
528,Coursera,JAVA,200,35000,189,1000,550000,200000,9776,404,3000,No,640,20,30000
529,360DigitMg,Tablau,100,30000,183,2000,570000,120000,8442,494,3000,Yes,561,22,32000
530,Coursera,JAVA,100,30000,168,2000,550000,200000,9267,419,3000,No,538,20,30000
531,Udemy,JAVA,100,30000,193,2000,540000,170000,6308,472,3500,No,552,25,25000
532,Coursera,SQL,200,35000,180,1000,550000,200000,6128,404,3000,No,629,20,30000
533,NPTEL,JAVA,300,40000,168,2000,500000,100000,5638,490,2000,No,644,10,20000
534,NPTEL,DS & ML,100,30000,162,1000,500000,100000,7291,423,2000,No,515,10,20000
535,360DigitMg,IoT,300,40000,154,2000,500000,120000,6887,480,3000,Yes,645,22,32000
536,360DigitMg,DS & ML,100,30000,164,2000,570000,120000,5267,402,3000,Yes,545,22,32000
537,NPTEL,JAVA,300,40000,199,1000,500000,100000,8668,457,2000,No,561,10,20000
538,iNeuron,SQL,300,40000,194,2000,570000,150000,9458,442,4000,Yes,647,30,30000
539,Udemy,JAVA,200,35000,200,2000,540000,170000,6117,492,3500,No,691,25,25000
540,Udemy,DS & ML,100,30000,191,1000,540000,170000,5265,451,3500,No,517,25,25000
541,iNeuron,IoT,200,35000,170,2000,570000,150000,9363,460,4000,Yes,560,30,30000
542,NPTEL,IoT,100,30000,151,2000,500000,100000,6715,499,2000,No,615,10,20000
543,iNeuron,DS & ML,300,40000,170,1000,570000,150000,7919,489,4000,Yes,538,30,30000
544,iNeuron,DS & ML,300,40000,189,2000,570000,150000,6747,411,4000,Yes,535,30,30000
545,Coursera,DS & ML,200,35000,184,1000,550000,200000,5542,410,3000,No,646,20,30000
546,360DigitMg,IoT,100,30000,184,1000,570000,150000,9303,475,3000,Yes,573,22,32000
547,iNeuron,JAVA,200,35000,182,2000,570000,150000,8209,478,4000,Yes,660,30,30000
548,Udemy,JAVA,200,35000,188,1000,540000,170000,9800,409,3500,No,625,25,25000
549,Udemy,SQL,200,35000,159,2000,540000,170000,5843,442,3500,No,556,25,25000
550,Coursera,SQL,300,40000,156,1000,550000,200000,8670,500,3000,No,531,20,30000
551,360DigitMg,Tablau,100,30000,170,1000,500000,100000,5712,484,3000,Yes,592,22,32000
552,NPTEL,JAVA,300,40000,155,1000,500000,100000,5487,416,2000,No,564,10,20000
553,NPTEL,SQL,100,30000,161,2000,500000,100000,5429,422,2000,No,686,10,20000
554,Udemy,IoT,300,40000,196,2000,540000,170000,8699,429,3500,No,544,25,25000
555,NPTEL,SQL,100,30000,163,2000,500000,100000,5646,495,2000,No,673,10,20000
556,NPTEL,JAVA,300,40000,185,1000,500000,100000,5024,493,2000,No,578,10,20000
557,360DigitMg,SQL,300,40000,154,1000,570000,100000,8085,434,3000,Yes,700,22,32000
558,iNeuron,Tablau,300,40000,183,1000,570000,150000,5113,453,4000,Yes,582,30,30000
559,NPTEL,SQL,300,40000,191,1000,500000,100000,5696,407,2000,No,565,10,20000
560,Udemy,Tablau,200,35000,151,2000,540000,170000,6183,486,3500,No,612,25,25000
561,Coursera,Tablau,200,35000,189,1000,550000,200000,7345,458,3000,No,670,20,30000
562,Udemy,DS & ML,100,30000,192,2000,540000,170000,5595,453,3500,No,581,25,25000
563,NPTEL,SQL,300,40000,161,2000,500000,100000,8163,488,2000,No,602,10,20000
564,Udemy,DS & ML,100,30000,183,1000,540000,170000,7485,500,3500,No,519,25,25000
565,Coursera,DS & ML,300,40000,190,2000,550000,200000,5750,444,3000,No,690,20,30000
566,Udemy,SQL,100,30000,179,1000,540000,170000,7361,444,3500,No,591,25,25000
567,NPTEL,JAVA,300,40000,191,2000,500000,100000,7138,422,2000,No,596,10,20000
568,Udemy,IoT,300,40000,168,1000,540000,170000,5413,416,3500,No,544,25,25000
569,360DigitMg,SQL,300,40000,169,1000,570000,170000,5825,429,3000,Yes,518,22,32000
570,360DigitMg,JAVA,200,35000,189,2000,540000,150000,9284,475,3000,Yes,568,22,32000
571,iNeuron,SQL,300,40000,162,1000,570000,150000,6398,471,4000,Yes,578,30,30000
572,NPTEL,DS & ML,200,35000,151,2000,500000,100000,6066,429,2000,No,677,10,20000
573,NPTEL,SQL,300,40000,166,2000,500000,100000,8555,491,2000,No,652,10,20000
574,iNeuron,SQL,300,40000,179,1000,570000,150000,7178,495,4000,Yes,555,30,30000
575,360DigitMg,SQL,100,30000,168,1000,500000,100000,5901,474,3000,Yes,568,22,32000
576,Udemy,Tablau,300,40000,170,1000,540000,170000,7558,487,3500,No,552,25,25000
577,iNeuron,DS & ML,300,40000,179,1000,570000,150000,6116,404,4000,Yes,659,30,30000
578,Udemy,IoT,200,35000,158,1000,540000,170000,6955,427,3500,No,543,25,25000
579,NPTEL,SQL,200,35000,180,2000,500000,100000,9991,404,2000,No,516,10,20000
580,NPTEL,Tablau,100,30000,158,2000,500000,100000,7522,483,2000,No,554,10,20000
581,Udemy,IoT,200,35000,196,1000,540000,170000,9882,458,3500,No,676,25,25000
582,iNeuron,Tablau,300,40000,195,2000,570000,150000,9571,459,4000,Yes,639,30,30000
583,Udemy,DS & ML,300,40000,167,1000,540000,170000,9100,441,3500,No,647,25,25000
584,Udemy,DS & ML,100,30000,170,2000,540000,170000,6422,427,3500,No,631,25,25000
585,iNeuron,IoT,100,30000,177,2000,570000,150000,7099,499,4000,Yes,645,30,30000
586,NPTEL,SQL,100,30000,154,2000,500000,100000,6153,458,2000,No,611,10,20000
587,iNeuron,Tablau,100,30000,165,1000,570000,150000,7693,491,4000,Yes,673,30,30000
588,NPTEL,Tablau,300,40000,177,2000,500000,100000,7400,492,2000,No,696,10,20000
589,NPTEL,IoT,100,30000,152,1000,500000,100000,6639,445,2000,No,600,10,20000
590,360DigitMg,Tablau,300,40000,175,1000,500000,100000,6219,478,3000,Yes,536,22,32000
591,NPTEL,Tablau,200,35000,186,2000,500000,100000,7559,486,2000,No,560,10,20000
592,360DigitMg,IoT,300,40000,151,2000,570000,120000,7424,477,3000,Yes,671,22,32000
593,NPTEL,SQL,200,35000,189,2000,500000,100000,8308,405,2000,No,638,10,20000
594,360DigitMg,DS & ML,100,30000,188,2000,550000,200000,9744,461,3000,Yes,506,22,32000
595,iNeuron,IoT,200,35000,179,2000,570000,150000,9111,468,4000,Yes,537,30,30000
596,Coursera,JAVA,200,35000,157,1000,550000,200000,7594,462,3000,No,573,20,30000
597,iNeuron,DS & ML,200,35000,150,2000,570000,150000,7367,433,4000,Yes,549,30,30000
598,Udemy,SQL,100,30000,169,1000,540000,170000,7456,404,3500,No,643,25,25000
599,Udemy,DS & ML,200,35000,153,1000,540000,170000,5797,458,3500,No,622,25,25000
600,Coursera,IoT,200,35000,171,1000,550000,200000,8486,469,3000,No,609,20,30000
601,iNeuron,JAVA,300,40000,159,1000,570000,150000,8607,411,4000,Yes,576,30,30000
602,Udemy,IoT,200,35000,188,2000,540000,170000,6989,402,3500,No,650,25,25000
603,360DigitMg,IoT,100,30000,190,1000,570000,170000,6309,414,3000,Yes,555,22,32000
604,iNeuron,SQL,200,35000,156,1000,570000,150000,8178,410,4000,Yes,608,30,30000
605,Coursera,Tablau,300,40000,154,2000,550000,200000,7141,469,3000,No,551,20,30000
606,NPTEL,Tablau,200,35000,197,1000,500000,100000,5561,474,2000,No,678,10,20000
607,NPTEL,SQL,200,35000,194,2000,500000,100000,8787,416,2000,No,633,10,20000
608,Coursera,Tablau,300,40000,156,2000,550000,200000,7090,409,3000,No,684,20,30000
609,NPTEL,Tablau,300,40000,178,1000,500000,100000,6357,440,2000,No,652,10,20000
610,iNeuron,SQL,100,30000,197,1000,570000,150000,6728,448,4000,Yes,648,30,30000
611,NPTEL,Tablau,300,40000,174,1000,500000,100000,5719,437,2000,No,622,10,20000
612,iNeuron,DS & ML,200,35000,169,2000,570000,150000,8884,494,4000,Yes,546,30,30000
613,Udemy,JAVA,200,35000,197,1000,540000,170000,8896,400,3500,No,547,25,25000
614,iNeuron,DS & ML,200,35000,181,2000,570000,150000,9407,499,4000,Yes,651,30,30000
615,Udemy,IoT,100,30000,169,2000,540000,170000,8297,465,3500,No,549,25,25000
616,NPTEL,JAVA,100,30000,164,1000,500000,100000,6714,422,2000,No,547,10,20000
617,Udemy,Tablau,200,35000,160,1000,540000,170000,8611,408,3500,No,659,25,25000
618,360DigitMg,IoT,100,30000,192,2000,540000,200000,5548,489,3000,Yes,576,22,32000
619,Udemy,SQL,200,35000,200,2000,540000,170000,6416,436,3500,No,606,25,25000
620,Udemy,Tablau,200,35000,176,2000,540000,170000,7792,417,3500,No,647,25,25000
621,iNeuron,DS & ML,300,40000,200,1000,570000,150000,5517,497,4000,Yes,589,30,30000
622,NPTEL,DS & ML,100,30000,182,1000,500000,100000,7227,432,2000,No,532,10,20000
623,NPTEL,IoT,100,30000,189,1000,500000,100000,7130,456,2000,No,572,10,20000
624,Coursera,SQL,200,35000,187,1000,550000,200000,7290,486,3000,No,558,20,30000
625,NPTEL,SQL,200,35000,151,2000,500000,100000,5106,499,2000,No,540,10,20000
626,Udemy,DS & ML,200,35000,180,2000,540000,170000,6709,479,3500,No,540,25,25000
627,Udemy,Tablau,100,30000,177,1000,540000,170000,5567,419,3500,No,568,25,25000
628,Coursera,DS & ML,300,40000,174,1000,550000,200000,6154,500,3000,No,575,20,30000
629,Udemy,SQL,100,30000,153,1000,540000,170000,6470,444,3500,No,631,25,25000
630,360DigitMg,IoT,200,35000,151,2000,570000,170000,8976,428,3000,Yes,684,22,32000
631,360DigitMg,IoT,100,30000,172,1000,570000,100000,5268,436,3000,Yes,629,22,32000
632,iNeuron,Tablau,100,30000,187,1000,570000,150000,7600,419,4000,Yes,566,30,30000
633,iNeuron,IoT,200,35000,198,2000,570000,150000,7324,421,4000,Yes,514,30,30000
634,Udemy,IoT,200,35000,189,1000,540000,170000,7667,443,3500,No,588,25,25000
635,Coursera,DS & ML,200,35000,182,1000,550000,200000,7491,435,3000,No,639,20,30000
636,360DigitMg,Tablau,100,30000,170,2000,550000,170000,9032,473,3000,Yes,597,22,32000
637,Coursera,DS & ML,200,35000,169,2000,550000,200000,8613,415,3000,No,673,20,30000
638,360DigitMg,Tablau,100,30000,199,1000,500000,150000,6756,455,3000,Yes,609,22,32000
639,360DigitMg,DS & ML,300,40000,187,2000,570000,150000,9877,451,3000,Yes,600,22,32000
640,iNeuron,IoT,200,35000,193,1000,570000,150000,7402,422,4000,Yes,536,30,30000
641,NPTEL,IoT,100,30000,193,1000,500000,100000,6632,473,2000,No,614,10,20000
642,Coursera,Tablau,200,35000,192,2000,550000,200000,5197,467,3000,No,664,20,30000
643,Udemy,JAVA,300,40000,179,2000,540000,170000,9158,401,3500,No,643,25,25000
644,Udemy,Tablau,300,40000,180,2000,540000,170000,7599,415,3500,No,677,25,25000
645,iNeuron,SQL,300,40000,183,2000,570000,150000,9792,405,4000,Yes,687,30,30000
646,360DigitMg,Tablau,300,40000,197,2000,550000,150000,9309,466,3000,Yes,502,22,32000
647,Coursera,DS & ML,200,35000,174,1000,550000,200000,5155,450,3000,No,531,20,30000
648,NPTEL,DS & ML,300,40000,188,2000,500000,100000,8991,478,2000,No,659,10,20000
649,iNeuron,Tablau,300,40000,176,1000,570000,150000,6849,468,4000,Yes,504,30,30000
650,360DigitMg,JAVA,200,35000,162,1000,550000,170000,6877,406,3000,Yes,543,22,32000
651,iNeuron,SQL,100,30000,184,2000,570000,150000,6041,495,4000,Yes,548,30,30000
652,Coursera,DS & ML,100,30000,163,1000,550000,200000,5636,474,3000,No,572,20,30000
653,iNeuron,SQL,200,35000,171,2000,570000,150000,7400,459,4000,Yes,559,30,30000
654,Udemy,SQL,300,40000,183,1000,540000,170000,8144,475,3500,No,630,25,25000
655,Udemy,JAVA,300,40000,154,2000,540000,170000,9525,416,3500,No,564,25,25000
656,360DigitMg,Tablau,100,30000,162,2000,540000,100000,5485,474,3000,Yes,626,22,32000
657,Coursera,SQL,300,40000,167,1000,550000,200000,8528,402,3000,No,548,20,30000
658,iNeuron,IoT,300,40000,198,2000,570000,150000,6697,475,4000,Yes,619,30,30000
659,NPTEL,Tablau,200,35000,186,1000,500000,100000,9440,417,2000,No,578,10,20000
660,Udemy,Tablau,200,35000,158,2000,540000,170000,7037,467,3500,No,588,25,25000
661,iNeuron,JAVA,300,40000,190,2000,570000,150000,7071,446,4000,Yes,695,30,30000
662,NPTEL,IoT,300,40000,165,1000,500000,100000,6721,405,2000,No,692,10,20000
663,NPTEL,JAVA,100,30000,175,1000,500000,100000,7342,427,2000,No,614,10,20000
664,NPTEL,JAVA,200,35000,176,1000,500000,100000,8473,498,2000,No,646,10,20000
665,Coursera,IoT,200,35000,182,2000,550000,200000,5296,454,3000,No,578,20,30000
666,Udemy,SQL,300,40000,189,1000,540000,170000,9294,448,3500,No,586,25,25000
667,NPTEL,Tablau,300,40000,196,2000,500000,100000,9337,415,2000,No,612,10,20000
668,NPTEL,Tablau,100,30000,168,2000,500000,100000,8181,454,2000,No,552,10,20000
669,Coursera,JAVA,100,30000,180,1000,550000,200000,6146,420,3000,No,696,20,30000
670,Udemy,SQL,100,30000,151,2000,540000,170000,9945,437,3500,No,536,25,25000
671,NPTEL,IoT,300,40000,192,2000,500000,100000,7829,497,2000,No,691,10,20000
672,NPTEL,IoT,200,35000,186,1000,500000,100000,6798,408,2000,No,566,10,20000
673,NPTEL,IoT,300,40000,178,2000,500000,100000,7144,402,2000,No,575,10,20000
674,360DigitMg,IoT,300,40000,199,1000,540000,150000,5850,452,3000,Yes,673,22,32000
675,Coursera,IoT,300,40000,191,1000,550000,200000,5540,453,3000,No,516,20,30000
676,iNeuron,JAVA,100,30000,171,1000,570000,150000,7940,469,4000,Yes,582,30,30000
677,Udemy,DS & ML,200,35000,158,1000,540000,170000,5171,495,3500,No,662,25,25000
678,360DigitMg,DS & ML,100,30000,154,1000,540000,150000,5592,458,3000,Yes,645,22,32000
679,Coursera,DS & ML,300,40000,191,1000,550000,200000,5939,436,3000,No,544,20,30000
680,360DigitMg,IoT,200,35000,154,2000,500000,170000,7901,482,3000,Yes,657,22,32000
681,360DigitMg,IoT,200,35000,173,1000,540000,200000,8437,474,3000,Yes,674,22,32000
682,Udemy,SQL,100,30000,177,2000,540000,170000,5521,489,3500,No,665,25,25000
683,NPTEL,DS & ML,300,40000,195,2000,500000,100000,8375,408,2000,No,682,10,20000
684,Udemy,DS & ML,300,40000,175,1000,540000,170000,5920,489,3500,No,640,25,25000
685,NPTEL,IoT,300,40000,177,2000,500000,100000,8673,453,2000,No,563,10,20000
686,360DigitMg,Tablau,100,30000,170,2000,550000,200000,5731,424,3000,Yes,571,22,32000
687,Udemy,DS & ML,200,35000,155,2000,540000,170000,9367,484,3500,No,529,25,25000
688,360DigitMg,Tablau,200,35000,153,1000,540000,200000,8022,450,3000,Yes,528,22,32000
689,Coursera,Tablau,200,35000,170,2000,550000,200000,8763,443,3000,No,510,20,30000
690,Coursera,SQL,100,30000,166,1000,550000,200000,6870,473,3000,No,610,20,30000
691,Coursera,Tablau,200,35000,199,2000,550000,200000,5385,464,3000,No,525,20,30000
692,iNeuron,SQL,300,40000,161,1000,570000,150000,6042,482,4000,Yes,682,30,30000
693,iNeuron,Tablau,100,30000,163,2000,570000,150000,5201,490,4000,Yes,699,30,30000
694,NPTEL,Tablau,200,35000,184,2000,500000,100000,6913,429,2000,No,501,10,20000
695,360DigitMg,Tablau,200,35000,175,2000,570000,200000,5617,452,3000,Yes,632,22,32000
696,iNeuron,SQL,100,30000,164,2000,570000,150000,8630,496,4000,Yes,552,30,30000
697,360DigitMg,DS & ML,100,30000,165,2000,570000,170000,6922,403,3000,Yes,501,22,32000
698,NPTEL,JAVA,100,30000,195,2000,500000,100000,5640,484,2000,No,512,10,20000
699,Coursera,SQL,300,40000,195,2000,550000,200000,8745,473,3000,No,538,20,30000
700,iNeuron,JAVA,200,35000,158,1000,570000,150000,5403,467,4000,Yes,633,30,30000
701,NPTEL,Tablau,100,30000,159,1000,500000,100000,6643,492,2000,No,617,10,20000
702,NPTEL,SQL,100,30000,193,1000,500000,100000,5856,478,2000,No,539,10,20000
703,360DigitMg,SQL,300,40000,184,1000,500000,200000,5233,500,3000,Yes,522,22,32000
704,Coursera,Tablau,200,35000,160,2000,550000,200000,5859,415,3000,No,628,20,30000
705,Udemy,SQL,200,35000,156,1000,540000,170000,6703,443,3500,No,635,25,25000
706,iNeuron,DS & ML,200,35000,172,2000,570000,150000,5028,427,4000,Yes,630,30,30000
707,360DigitMg,DS & ML,300,40000,164,1000,500000,170000,6340,415,3000,Yes,693,22,32000
708,Coursera,JAVA,100,30000,158,2000,550000,200000,9108,499,3000,No,692,20,30000
709,iNeuron,SQL,200,35000,164,1000,570000,150000,9215,409,4000,Yes,511,30,30000
710,NPTEL,SQL,100,30000,184,1000,500000,100000,7380,446,2000,No,657,10,20000
711,iNeuron,JAVA,100,30000,199,1000,570000,150000,9361,472,4000,Yes,647,30,30000
712,360DigitMg,SQL,100,30000,193,2000,540000,150000,7458,482,3000,Yes,673,22,32000
713,Coursera,JAVA,200,35000,167,1000,550000,200000,9309,415,3000,No,522,20,30000
714,NPTEL,IoT,200,35000,159,1000,500000,100000,9009,435,2000,No,513,10,20000
715,Coursera,IoT,200,35000,178,1000,550000,200000,6480,457,3000,No,593,20,30000
716,Udemy,IoT,100,30000,161,2000,540000,170000,9411,451,3500,No,526,25,25000
717,NPTEL,JAVA,100,30000,172,1000,500000,100000,9851,457,2000,No,604,10,20000
718,NPTEL,IoT,300,40000,169,2000,500000,100000,5496,401,2000,No,640,10,20000
719,360DigitMg,IoT,200,35000,199,1000,530000,200000,8902,474,3000,Yes,592,22,32000
720,Udemy,SQL,300,40000,159,1000,540000,170000,9577,402,3500,No,602,25,25000
721,360DigitMg,DS & ML,200,35000,162,1000,500000,150000,8464,494,3000,Yes,551,22,32000
722,Coursera,Tablau,100,30000,181,1000,550000,200000,6153,472,3000,No,683,20,30000
723,NPTEL,JAVA,300,40000,200,1000,500000,100000,8245,488,2000,No,543,10,20000
724,iNeuron,DS & ML,300,40000,154,1000,570000,150000,9841,452,4000,Yes,652,30,30000
725,NPTEL,DS & ML,100,30000,153,1000,500000,100000,7278,489,2000,No,669,10,20000
726,Udemy,DS & ML,100,30000,185,1000,540000,170000,9405,404,3500,No,633,25,25000
727,NPTEL,JAVA,100,30000,166,2000,500000,100000,9275,465,2000,No,557,10,20000
728,iNeuron,DS & ML,100,30000,158,1000,570000,150000,8949,468,4000,Yes,548,30,30000
729,360DigitMg,DS & ML,100,30000,168,2000,530000,150000,9887,483,3000,Yes,614,22,32000
730,NPTEL,JAVA,100,30000,159,1000,500000,100000,7861,442,2000,No,700,10,20000
731,iNeuron,Tablau,100,30000,185,2000,570000,150000,6008,412,4000,Yes,627,30,30000
732,Udemy,IoT,100,30000,176,1000,540000,170000,7466,448,3500,No,564,25,25000
733,360DigitMg,SQL,200,35000,198,1000,540000,170000,5051,497,3000,Yes,540,22,32000
734,Coursera,Tablau,300,40000,187,2000,550000,200000,9330,447,3000,No,696,20,30000
735,NPTEL,DS & ML,200,35000,178,1000,500000,100000,5096,482,2000,No,524,10,20000
736,iNeuron,SQL,200,35000,175,1000,570000,150000,6460,453,4000,Yes,539,30,30000
737,iNeuron,DS & ML,200,35000,155,2000,570000,150000,8953,405,4000,Yes,539,30,30000
738,360DigitMg,JAVA,200,35000,167,2000,540000,120000,8589,500,3000,Yes,572,22,32000
739,360DigitMg,DS & ML,100,30000,178,2000,550000,120000,5138,403,3000,Yes,514,22,32000
740,Coursera,IoT,100,30000,190,2000,550000,200000,6385,484,3000,No,534,20,30000
741,iNeuron,DS & ML,100,30000,153,2000,570000,150000,7886,408,4000,Yes,608,30,30000
742,iNeuron,Tablau,100,30000,150,2000,570000,150000,7468,490,4000,Yes,549,30,30000
743,Coursera,Tablau,200,35000,186,1000,550000,200000,6957,487,3000,No,531,20,30000
744,iNeuron,Tablau,300,40000,183,1000,570000,150000,6396,448,4000,Yes,530,30,30000
745,iNeuron,SQL,300,40000,161,1000,570000,150000,5198,425,4000,Yes,640,30,30000
746,360DigitMg,DS & ML,300,40000,166,1000,530000,120000,9452,435,3000,Yes,521,22,32000
747,NPTEL,Tablau,300,40000,160,2000,500000,100000,5956,414,2000,No,691,10,20000
748,NPTEL,JAVA,300,40000,188,1000,500000,100000,9624,439,2000,No,611,10,20000
749,Coursera,SQL,300,40000,163,2000,550000,200000,9732,431,3000,No,556,20,30000
750,Coursera,SQL,100,30000,152,1000,550000,200000,7701,497,3000,No,526,20,30000
751,Coursera,JAVA,300,40000,156,1000,550000,200000,6656,492,3000,No,559,20,30000
752,NPTEL,JAVA,300,40000,179,1000,500000,100000,5936,434,2000,No,607,10,20000
753,NPTEL,IoT,300,40000,151,1000,500000,100000,7481,414,2000,No,564,10,20000
754,Udemy,Tablau,100,30000,161,2000,540000,170000,8033,410,3500,No,688,25,25000
755,Coursera,Tablau,100,30000,153,2000,550000,200000,9942,410,3000,No,535,20,30000
756,Udemy,SQL,200,35000,150,1000,540000,170000,9527,424,3500,No,512,25,25000
757,Udemy,IoT,300,40000,199,1000,540000,170000,5686,479,3500,No,536,25,25000
758,NPTEL,DS & ML,100,30000,164,2000,500000,100000,6889,443,2000,No,538,10,20000
759,Udemy,SQL,100,30000,191,1000,540000,170000,5195,432,3500,No,513,25,25000
760,Coursera,JAVA,200,35000,179,1000,550000,200000,6799,402,3000,No,582,20,30000
761,Coursera,JAVA,300,40000,190,1000,550000,200000,7334,462,3000,No,651,20,30000
762,Coursera,Tablau,100,30000,183,1000,550000,200000,8805,435,3000,No,645,20,30000
763,360DigitMg,IoT,300,40000,154,1000,530000,150000,9958,467,3000,Yes,680,22,32000
764,NPTEL,DS & ML,200,35000,198,2000,500000,100000,7291,450,2000,No,643,10,20000
765,NPTEL,JAVA,200,35000,199,1000,500000,100000,9000,487,2000,No,640,10,20000
766,Coursera,JAVA,300,40000,160,2000,550000,200000,8536,404,3000,No,511,20,30000
767,360DigitMg,DS & ML,300,40000,164,2000,530000,200000,7933,471,3000,Yes,614,22,32000
768,Udemy,Tablau,100,30000,184,2000,540000,170000,8512,436,3500,No,687,25,25000
769,iNeuron,Tablau,200,35000,151,1000,570000,150000,6276,417,4000,Yes,584,30,30000
770,Coursera,JAVA,300,40000,155,2000,550000,200000,8039,477,3000,No,539,20,30000
771,Coursera,SQL,200,35000,162,2000,550000,200000,5647,423,3000,No,677,20,30000
772,360DigitMg,DS & ML,200,35000,152,1000,540000,170000,7004,425,3000,Yes,545,22,32000
773,iNeuron,JAVA,300,40000,152,1000,570000,150000,6599,451,4000,Yes,561,30,30000
774,NPTEL,SQL,200,35000,151,1000,500000,100000,8440,416,2000,No,669,10,20000
775,NPTEL,SQL,200,35000,185,2000,500000,100000,9786,484,2000,No,628,10,20000
776,iNeuron,SQL,100,30000,176,2000,570000,150000,9919,442,4000,Yes,534,30,30000
777,Udemy,Tablau,100,30000,190,1000,540000,170000,8986,487,3500,No,692,25,25000
778,NPTEL,DS & ML,100,30000,168,2000,500000,100000,8024,492,2000,No,631,10,20000
779,Coursera,DS & ML,100,30000,176,1000,550000,200000,6891,473,3000,No,675,20,30000
780,iNeuron,SQL,200,35000,184,2000,570000,150000,6921,497,4000,Yes,597,30,30000
781,Coursera,Tablau,300,40000,154,2000,550000,200000,6088,427,3000,No,678,20,30000
782,360DigitMg,IoT,300,40000,164,2000,530000,170000,9837,467,3000,Yes,535,22,32000
783,360DigitMg,DS & ML,300,40000,154,1000,550000,170000,9328,483,3000,Yes,603,22,32000
784,Coursera,SQL,100,30000,159,2000,550000,200000,7584,478,3000,No,515,20,30000
785,NPTEL,DS & ML,300,40000,184,1000,500000,100000,6166,453,2000,No,604,10,20000
786,Udemy,JAVA,100,30000,188,1000,540000,170000,9842,476,3500,No,663,25,25000
787,360DigitMg,JAVA,100,30000,195,2000,500000,100000,8890,460,3000,Yes,608,22,32000
788,Coursera,SQL,100,30000,183,2000,550000,200000,6762,443,3000,No,556,20,30000
789,iNeuron,JAVA,200,35000,185,1000,570000,150000,7389,498,4000,Yes,648,30,30000
790,Coursera,Tablau,200,35000,173,1000,550000,200000,6024,411,3000,No,623,20,30000
791,NPTEL,IoT,200,35000,168,1000,500000,100000,7793,481,2000,No,504,10,20000
792,Coursera,DS & ML,300,40000,154,2000,550000,200000,6529,407,3000,No,624,20,30000
793,NPTEL,JAVA,200,35000,181,1000,500000,100000,9887,494,2000,No,644,10,20000
794,Coursera,Tablau,300,40000,195,2000,550000,200000,6495,485,3000,No,692,20,30000
795,NPTEL,Tablau,300,40000,180,1000,500000,100000,7936,498,2000,No,501,10,20000
796,Udemy,Tablau,300,40000,185,1000,540000,170000,7012,408,3500,No,500,25,25000
797,Coursera,JAVA,300,40000,180,1000,550000,200000,5949,499,3000,No,658,20,30000
798,Udemy,SQL,300,40000,169,1000,540000,170000,5418,412,3500,No,634,25,25000
799,360DigitMg,IoT,100,30000,171,2000,530000,100000,7701,478,3000,Yes,647,22,32000
800,360DigitMg,DS & ML,300,40000,175,1000,550000,200000,9920,453,3000,Yes,540,22,32000
801,Coursera,DS & ML,300,40000,193,2000,550000,200000,5122,465,3000,No,513,20,30000
802,360DigitMg,Tablau,200,35000,168,1000,500000,200000,6816,451,3000,Yes,664,22,32000
803,Coursera,DS & ML,200,35000,165,2000,550000,200000,9461,462,3000,No,546,20,30000
804,iNeuron,DS & ML,300,40000,156,2000,570000,150000,8929,423,4000,Yes,650,30,30000
805,Coursera,Tablau,300,40000,179,2000,550000,200000,8565,416,3000,No,647,20,30000
806,Udemy,IoT,200,35000,182,2000,540000,170000,6537,417,3500,No,520,25,25000
807,360DigitMg,JAVA,200,35000,167,2000,530000,200000,8887,444,3000,Yes,604,22,32000
808,Udemy,IoT,100,30000,195,1000,540000,170000,7146,425,3500,No,606,25,25000
809,360DigitMg,JAVA,300,40000,193,2000,530000,120000,6658,468,3000,Yes,594,22,32000
810,360DigitMg,DS & ML,100,30000,175,2000,540000,150000,7964,455,3000,Yes,674,22,32000
811,360DigitMg,Tablau,300,40000,173,1000,530000,100000,5655,463,3000,Yes,682,22,32000
812,360DigitMg,Tablau,200,35000,161,2000,530000,150000,7087,480,3000,Yes,699,22,32000
813,360DigitMg,DS & ML,100,30000,168,1000,530000,100000,5374,474,3000,Yes,597,22,32000
814,Udemy,JAVA,100,30000,167,1000,540000,170000,6482,471,3500,No,624,25,25000
815,NPTEL,SQL,300,40000,150,2000,500000,100000,8719,461,2000,No,653,10,20000
816,iNeuron,DS & ML,200,35000,176,2000,570000,150000,7582,416,4000,Yes,582,30,30000
817,NPTEL,SQL,200,35000,157,2000,500000,100000,8281,412,2000,No,612,10,20000
818,NPTEL,DS & ML,100,30000,193,2000,500000,100000,8005,401,2000,No,548,10,20000
819,NPTEL,Tablau,300,40000,159,1000,500000,100000,8795,484,2000,No,676,10,20000
820,360DigitMg,DS & ML,200,35000,174,1000,500000,150000,6299,429,3000,Yes,676,22,32000
821,Coursera,SQL,200,35000,194,2000,550000,200000,8550,408,3000,No,578,20,30000
822,Udemy,DS & ML,100,30000,191,2000,540000,170000,5305,499,3500,No,611,25,25000
823,360DigitMg,IoT,100,30000,153,2000,530000,170000,7342,403,3000,Yes,686,22,32000
824,NPTEL,DS & ML,100,30000,177,1000,500000,100000,5865,434,2000,No,566,10,20000
825,Coursera,SQL,300,40000,168,1000,550000,200000,7900,420,3000,No,631,20,30000
826,Udemy,JAVA,300,40000,175,2000,540000,170000,6330,462,3500,No,564,25,25000
827,NPTEL,JAVA,100,30000,161,1000,500000,100000,9881,445,2000,No,556,10,20000
828,360DigitMg,SQL,300,40000,160,1000,500000,150000,8673,436,3000,Yes,555,22,32000
829,NPTEL,Tablau,200,35000,184,2000,500000,100000,5597,460,2000,No,519,10,20000
830,iNeuron,JAVA,200,35000,183,1000,570000,150000,5417,439,4000,Yes,687,30,30000
831,iNeuron,Tablau,300,40000,174,1000,570000,150000,9404,433,4000,Yes,674,30,30000
832,NPTEL,IoT,100,30000,157,1000,500000,100000,7135,421,2000,No,507,10,20000
833,360DigitMg,IoT,200,35000,198,1000,500000,200000,6037,468,3000,Yes,686,22,32000
834,NPTEL,Tablau,300,40000,190,2000,500000,100000,9177,496,2000,No,666,10,20000
835,iNeuron,SQL,300,40000,194,2000,570000,150000,8399,445,4000,Yes,578,30,30000
836,iNeuron,JAVA,100,30000,166,2000,570000,150000,8455,418,4000,Yes,664,30,30000
837,360DigitMg,JAVA,200,35000,173,1000,530000,170000,5879,495,3000,Yes,662,22,32000
838,360DigitMg,SQL,200,35000,157,2000,530000,200000,5874,478,3000,Yes,535,22,32000
839,NPTEL,IoT,100,30000,151,2000,500000,100000,7596,492,2000,No,640,10,20000
840,iNeuron,SQL,300,40000,178,1000,570000,150000,5665,417,4000,Yes,517,30,30000
841,Coursera,IoT,200,35000,181,2000,550000,200000,5404,489,3000,No,668,20,30000
842,Coursera,IoT,100,30000,167,1000,550000,200000,6668,495,3000,No,625,20,30000
843,iNeuron,IoT,100,30000,192,2000,570000,150000,8225,418,4000,Yes,600,30,30000
844,360DigitMg,Tablau,200,35000,168,1000,550000,100000,7861,451,3000,Yes,563,22,32000
845,360DigitMg,JAVA,300,40000,157,2000,500000,170000,5359,448,3000,Yes,575,22,32000
846,360DigitMg,JAVA,200,35000,188,2000,530000,100000,9728,418,3000,Yes,604,22,32000
847,iNeuron,SQL,200,35000,199,2000,570000,150000,9029,426,4000,Yes,684,30,30000
848,Udemy,SQL,300,40000,173,2000,540000,170000,5066,424,3500,No,679,25,25000
849,360DigitMg,JAVA,200,35000,150,1000,500000,200000,7623,498,3000,Yes,667,22,32000
850,Coursera,DS & ML,100,30000,183,2000,550000,200000,7246,488,3000,No,549,20,30000
851,iNeuron,DS & ML,100,30000,193,1000,570000,150000,6562,411,4000,Yes,544,30,30000
852,360DigitMg,Tablau,200,35000,164,2000,540000,150000,7048,465,3000,Yes,522,22,32000
853,iNeuron,DS & ML,200,35000,176,1000,570000,150000,9677,417,4000,Yes,504,30,30000
854,iNeuron,JAVA,200,35000,155,2000,570000,150000,9654,447,4000,Yes,517,30,30000
855,360DigitMg,JAVA,300,40000,164,2000,530000,170000,7685,468,3000,Yes,639,22,32000
856,Coursera,Tablau,200,35000,170,2000,550000,200000,5403,441,3000,No,602,20,30000
857,NPTEL,Tablau,100,30000,193,2000,500000,100000,8318,404,2000,No,509,10,20000
858,Udemy,IoT,200,35000,177,2000,540000,170000,6958,434,3500,No,655,25,25000
859,NPTEL,IoT,300,40000,175,1000,500000,100000,7226,485,2000,No,666,10,20000
860,Udemy,SQL,200,35000,190,2000,540000,170000,5501,498,3500,No,589,25,25000
861,Udemy,JAVA,300,40000,162,2000,540000,170000,6016,428,3500,No,621,25,25000
862,NPTEL,SQL,100,30000,178,1000,500000,100000,7070,466,2000,No,625,10,20000
863,iNeuron,DS & ML,100,30000,198,1000,570000,150000,8503,463,4000,Yes,590,30,30000
864,Udemy,DS & ML,100,30000,163,2000,540000,170000,5361,455,3500,No,508,25,25000
865,360DigitMg,SQL,100,30000,178,2000,540000,200000,9669,434,3000,Yes,587,22,32000
866,Coursera,JAVA,200,35000,180,1000,550000,200000,6668,459,3000,No,576,20,30000
867,360DigitMg,Tablau,100,30000,200,2000,570000,150000,7846,495,3000,Yes,575,22,32000
868,iNeuron,JAVA,100,30000,190,1000,570000,150000,7900,435,4000,Yes,610,30,30000
869,360DigitMg,IoT,100,30000,173,1000,570000,100000,8857,402,3000,Yes,606,22,32000
870,iNeuron,JAVA,100,30000,182,2000,570000,150000,5540,488,4000,Yes,555,30,30000
871,NPTEL,JAVA,300,40000,164,2000,500000,100000,6081,434,2000,No,668,10,20000
872,iNeuron,JAVA,100,30000,192,2000,570000,150000,6172,483,4000,Yes,679,30,30000
873,360DigitMg,SQL,100,30000,153,1000,500000,150000,9912,487,3000,Yes,683,22,32000
874,Coursera,JAVA,100,30000,190,1000,550000,200000,9444,407,3000,No,682,20,30000
875,NPTEL,SQL,200,35000,192,1000,500000,100000,8196,461,2000,No,659,10,20000
876,360DigitMg,SQL,200,35000,166,1000,530000,200000,6491,452,3000,Yes,644,22,32000
877,360DigitMg,SQL,300,40000,195,1000,530000,200000,5714,422,3000,Yes,651,22,32000
878,iNeuron,DS & ML,200,35000,182,2000,570000,150000,6081,435,4000,Yes,662,30,30000
879,360DigitMg,IoT,300,40000,188,2000,550000,200000,8345,414,3000,Yes,559,22,32000
880,Coursera,Tablau,300,40000,163,2000,550000,200000,6045,441,3000,No,619,20,30000
881,Coursera,IoT,200,35000,168,1000,550000,200000,7235,448,3000,No,587,20,30000
882,Udemy,DS & ML,200,35000,152,2000,540000,170000,5257,477,3500,No,631,25,25000
883,Udemy,SQL,200,35000,191,1000,540000,170000,9934,463,3500,No,612,25,25000
884,NPTEL,JAVA,300,40000,155,2000,500000,100000,5026,460,2000,No,516,10,20000
885,Coursera,DS & ML,200,35000,173,2000,550000,200000,7647,438,3000,No,638,20,30000
886,Coursera,Tablau,100,30000,169,1000,550000,200000,6027,440,3000,No,657,20,30000
887,iNeuron,DS & ML,300,40000,184,1000,570000,150000,5332,498,4000,Yes,672,30,30000
888,NPTEL,IoT,100,30000,157,1000,500000,100000,5080,416,2000,No,554,10,20000
889,NPTEL,JAVA,200,35000,182,2000,500000,100000,7468,472,2000,No,632,10,20000
890,360DigitMg,DS & ML,100,30000,150,2000,500000,100000,7205,473,3000,Yes,555,22,32000
891,360DigitMg,SQL,200,35000,176,1000,500000,150000,8056,429,3000,Yes,602,22,32000
892,360DigitMg,JAVA,100,30000,167,2000,550000,170000,8237,444,3000,Yes,671,22,32000
893,Coursera,Tablau,300,40000,189,2000,550000,200000,9357,499,3000,No,647,20,30000
894,Coursera,DS & ML,200,35000,176,2000,550000,200000,6732,463,3000,No,565,20,30000
895,Udemy,DS & ML,300,40000,154,1000,540000,170000,9644,406,3500,No,689,25,25000
896,Coursera,IoT,100,30000,152,1000,550000,200000,6992,477,3000,No,679,20,30000
897,NPTEL,IoT,200,35000,180,1000,500000,100000,9768,452,2000,No,560,10,20000
898,NPTEL,JAVA,300,40000,190,1000,500000,100000,6624,474,2000,No,613,10,20000
899,Udemy,SQL,200,35000,176,1000,540000,170000,8020,429,3500,No,611,25,25000
900,NPTEL,JAVA,200,35000,197,1000,500000,100000,9482,415,2000,No,592,10,20000
901,NPTEL,IoT,200,35000,159,2000,500000,100000,9392,429,2000,No,524,10,20000
902,NPTEL,Tablau,200,35000,185,2000,500000,100000,9102,407,2000,No,534,10,20000
903,360DigitMg,SQL,100,30000,156,1000,540000,200000,8067,463,3000,Yes,529,22,32000
904,NPTEL,DS & ML,100,30000,154,1000,500000,100000,8350,429,2000,No,525,10,20000
905,360DigitMg,IoT,300,40000,159,1000,550000,170000,7736,414,3000,Yes,509,22,32000
906,Udemy,DS & ML,100,30000,174,1000,540000,170000,9642,483,3500,No,677,25,25000
907,360DigitMg,DS & ML,100,30000,172,2000,530000,170000,6883,447,3000,Yes,542,22,32000
908,iNeuron,JAVA,200,35000,183,1000,570000,150000,5209,462,4000,Yes,504,30,30000
909,NPTEL,SQL,200,35000,151,2000,500000,100000,5359,477,2000,No,518,10,20000
910,Coursera,Tablau,300,40000,173,2000,550000,200000,6183,414,3000,No,611,20,30000
911,360DigitMg,Tablau,100,30000,184,2000,550000,170000,8623,454,3000,Yes,512,22,32000
912,iNeuron,SQL,300,40000,192,1000,570000,150000,6717,431,4000,Yes,666,30,30000
913,NPTEL,JAVA,100,30000,196,1000,500000,100000,7991,416,2000,No,599,10,20000
914,360DigitMg,DS & ML,200,35000,180,2000,500000,120000,5005,454,3000,Yes,502,22,32000
915,360DigitMg,JAVA,100,30000,199,2000,530000,200000,6905,455,3000,Yes,691,22,32000
916,NPTEL,SQL,200,35000,185,1000,500000,100000,7898,496,2000,No,536,10,20000
917,Udemy,IoT,200,35000,191,1000,540000,170000,6934,497,3500,No,684,25,25000
918,iNeuron,IoT,100,30000,184,2000,570000,150000,8961,493,4000,Yes,616,30,30000
919,Coursera,Tablau,300,40000,172,1000,550000,200000,7882,495,3000,No,682,20,30000
920,Udemy,JAVA,200,35000,157,1000,540000,170000,6444,474,3500,No,638,25,25000
921,iNeuron,IoT,300,40000,155,2000,570000,150000,7199,473,4000,Yes,682,30,30000
922,Coursera,SQL,100,30000,165,1000,550000,200000,9301,481,3000,No,509,20,30000
923,Coursera,IoT,300,40000,162,2000,550000,200000,6483,442,3000,No,687,20,30000
924,NPTEL,Tablau,200,35000,171,1000,500000,100000,8807,433,2000,No,589,10,20000
925,Udemy,IoT,300,40000,164,2000,540000,170000,8754,412,3500,No,569,25,25000
926,Udemy,JAVA,300,40000,195,2000,540000,170000,7561,448,3500,No,670,25,25000
927,Udemy,Tablau,300,40000,199,1000,540000,170000,8873,490,3500,No,531,25,25000
928,iNeuron,Tablau,300,40000,187,2000,570000,150000,7602,412,4000,Yes,500,30,30000
929,NPTEL,DS & ML,300,40000,164,2000,500000,100000,8512,462,2000,No,591,10,20000
930,Udemy,DS & ML,200,35000,163,1000,540000,170000,8349,436,3500,No,514,25,25000
931,Udemy,Tablau,300,40000,173,2000,540000,170000,7429,477,3500,No,596,25,25000
932,iNeuron,IoT,100,30000,177,2000,570000,150000,5554,410,4000,Yes,552,30,30000
933,Udemy,Tablau,200,35000,196,2000,540000,170000,9747,409,3500,No,630,25,25000
934,NPTEL,DS & ML,200,35000,154,2000,500000,100000,7745,452,2000,No,526,10,20000
935,Coursera,SQL,300,40000,181,1000,550000,200000,5079,492,3000,No,614,20,30000
936,Udemy,DS & ML,200,35000,174,2000,540000,170000,5852,475,3500,No,689,25,25000
937,iNeuron,Tablau,200,35000,167,2000,570000,150000,6844,419,4000,Yes,503,30,30000
938,Udemy,JAVA,100,30000,184,2000,540000,170000,5706,437,3500,No,566,25,25000
939,iNeuron,JAVA,100,30000,187,1000,570000,150000,8159,403,4000,Yes,622,30,30000
940,iNeuron,SQL,200,35000,161,1000,570000,150000,8759,415,4000,Yes,505,30,30000
941,NPTEL,IoT,200,35000,195,1000,500000,100000,8650,409,2000,No,659,10,20000
942,360DigitMg,DS & ML,100,30000,194,1000,550000,200000,8714,450,3000,Yes,612,22,32000
943,Coursera,IoT,100,30000,173,2000,550000,200000,5265,420,3000,No,681,20,30000
944,Udemy,Tablau,200,35000,180,2000,540000,170000,6572,440,3500,No,615,25,25000
945,Coursera,Tablau,200,35000,154,1000,550000,200000,9786,492,3000,No,504,20,30000
946,iNeuron,IoT,100,30000,160,2000,570000,150000,8850,407,4000,Yes,598,30,30000
947,360DigitMg,SQL,300,40000,196,2000,530000,200000,9097,468,3000,Yes,542,22,32000
948,Udemy,Tablau,200,35000,185,1000,540000,170000,9276,477,3500,No,516,25,25000
949,Coursera,Tablau,300,40000,156,1000,550000,200000,5401,450,3000,No,534,20,30000
950,NPTEL,SQL,100,30000,166,2000,500000,100000,5089,457,2000,No,536,10,20000
951,iNeuron,Tablau,300,40000,167,1000,570000,150000,9165,416,4000,Yes,647,30,30000
952,360DigitMg,JAVA,300,40000,157,1000,530000,170000,5670,477,3000,Yes,585,22,32000
953,Coursera,Tablau,300,40000,181,2000,550000,200000,9676,409,3000,No,608,20,30000
954,Udemy,SQL,200,35000,168,2000,540000,170000,9257,436,3500,No,616,25,25000
955,Coursera,SQL,300,40000,184,2000,550000,200000,5901,440,3000,No,593,20,30000
956,NPTEL,IoT,100,30000,161,1000,500000,100000,7206,426,2000,No,642,10,20000
957,Udemy,DS & ML,100,30000,177,2000,540000,170000,9774,500,3500,No,585,25,25000
958,NPTEL,DS & ML,100,30000,184,2000,500000,100000,7346,464,2000,No,600,10,20000
959,360DigitMg,IoT,100,30000,183,1000,540000,120000,5687,456,3000,Yes,657,22,32000
960,Coursera,IoT,200,35000,150,1000,550000,200000,8502,454,3000,No,553,20,30000
961,NPTEL,Tablau,200,35000,197,2000,500000,100000,5041,446,2000,No,627,10,20000
962,iNeuron,SQL,300,40000,168,2000,570000,150000,6897,444,4000,Yes,578,30,30000
963,NPTEL,IoT,200,35000,151,1000,500000,100000,9069,455,2000,No,586,10,20000
964,Coursera,IoT,100,30000,176,2000,550000,200000,8749,469,3000,No,644,20,30000
965,Udemy,DS & ML,100,30000,166,1000,540000,170000,8870,471,3500,No,578,25,25000
966,iNeuron,JAVA,100,30000,177,2000,570000,150000,5263,411,4000,Yes,579,30,30000
967,Udemy,Tablau,300,40000,188,1000,540000,170000,9966,432,3500,No,600,25,25000
968,iNeuron,IoT,200,35000,199,1000,570000,150000,5853,494,4000,Yes,660,30,30000
969,NPTEL,Tablau,300,40000,163,1000,500000,100000,5479,480,2000,No,645,10,20000
970,360DigitMg,DS & ML,200,35000,161,1000,530000,200000,5313,437,3000,Yes,501,22,32000
971,iNeuron,DS & ML,200,35000,191,1000,570000,150000,7655,417,4000,Yes,664,30,30000
972,360DigitMg,DS & ML,300,40000,198,2000,500000,100000,7943,469,3000,Yes,502,22,32000
973,iNeuron,DS & ML,300,40000,151,1000,570000,150000,6229,468,4000,Yes,576,30,30000
974,iNeuron,DS & ML,300,40000,172,2000,570000,150000,8388,425,4000,Yes,553,30,30000
975,Coursera,DS & ML,300,40000,185,1000,550000,200000,7642,447,3000,No,659,20,30000
976,Coursera,SQL,200,35000,189,1000,550000,200000,8761,500,3000,No,522,20,30000
977,Coursera,DS & ML,300,40000,150,2000,550000,200000,5078,400,3000,No,585,20,30000
978,Udemy,DS & ML,300,40000,154,1000,540000,170000,6504,443,3500,No,657,25,25000
979,360DigitMg,DS & ML,200,35000,155,1000,570000,200000,7126,426,3000,Yes,507,22,32000
980,Coursera,IoT,100,30000,174,2000,550000,200000,6379,466,3000,No,622,20,30000
981,NPTEL,Tablau,300,40000,191,1000,500000,100000,9337,430,2000,No,537,10,20000
982,Udemy,Tablau,200,35000,155,1000,540000,170000,7290,404,3500,No,516,25,25000
983,Coursera,DS & ML,200,35000,192,1000,550000,200000,5972,421,3000,No,524,20,30000
984,Coursera,IoT,100,30000,182,2000,550000,200000,8119,400,3000,No,567,20,30000
985,NPTEL,Tablau,300,40000,175,1000,500000,100000,6222,462,2000,No,523,10,20000
986,iNeuron,Tablau,300,40000,165,1000,570000,150000,9264,486,4000,Yes,503,30,30000
987,360DigitMg,SQL,100,30000,178,2000,530000,170000,8078,450,3000,Yes,651,22,32000
988,iNeuron,Tablau,100,30000,169,1000,570000,150000,5462,430,4000,Yes,629,30,30000
989,NPTEL,DS & ML,300,40000,175,2000,500000,100000,6693,445,2000,No,621,10,20000
990,NPTEL,JAVA,300,40000,178,2000,500000,100000,5756,479,2000,No,548,10,20000
991,360DigitMg,IoT,100,30000,151,1000,540000,120000,7948,471,3000,Yes,589,22,32000
992,NPTEL,Tablau,100,30000,182,1000,500000,100000,5587,462,2000,No,627,10,20000
993,360DigitMg,SQL,200,35000,175,2000,570000,100000,5667,487,3000,Yes,567,22,32000
994,NPTEL,JAVA,200,35000,191,1000,500000,100000,7200,408,2000,No,590,10,20000
995,360DigitMg,DS & ML,200,35000,158,1000,570000,150000,9501,428,3000,Yes,605,22,32000
996,Coursera,IoT,100,30000,190,1000,550000,200000,5943,426,3000,No,663,20,30000
997,iNeuron,IoT,300,40000,189,2000,570000,150000,6492,424,4000,Yes,520,30,30000
998,Coursera,Tablau,200,35000,186,1000,550000,200000,7868,493,3000,No,586,20,30000
999,iNeuron,DS & ML,300,40000,191,1000,570000,150000,6512,475,4000,Yes,561,30,30000
1000,NPTEL,IoT,300,40000,154,2000,500000,100000,5378,430,2000,No,563,10,20000
